// Generated by scripts/embed_png.py — do not edit.
// source: art/controller.png (19023 bytes)
#pragma once
// clang-format off

static const unsigned char CONTROLLER_PNG[] = {
    0x89, 0x50, 0x4e, 0x47, 0x0d, 0x0a, 0x1a, 0x0a, 0x00, 0x00, 0x00, 0x0d, 0x49, 0x48, 0x44, 0x52,
    0x00, 0x00, 0x03, 0x50, 0x00, 0x00, 0x01, 0x73, 0x08, 0x03, 0x00, 0x00, 0x00, 0x07, 0x62, 0x18,
    0xb2, 0x00, 0x00, 0x03, 0x00, 0x50, 0x4c, 0x54, 0x45, 0xf4, 0xf4, 0xf1, 0x76, 0x7e, 0x81, 0x00,
    0x00, 0x00, 0xe7, 0xe7, 0xe5, 0xd8, 0xd8, 0xd7, 0x53, 0x56, 0x57, 0xc8, 0xc8, 0xc6, 0xb8, 0xb9,
    0xb8, 0xe0, 0xe0, 0xde, 0x19, 0x19, 0x19, 0xfe, 0x47, 0x55, 0xfe, 0xba, 0x57, 0x00, 0x74, 0xf9,
    0x00, 0xe9, 0xad, 0x3c, 0x43, 0x47, 0x64, 0x68, 0x6a, 0x72, 0x76, 0x77, 0x45, 0x49, 0x4c, 0x93,
    0x96, 0x98, 0x33, 0x38, 0x39, 0x86, 0x89, 0x8a, 0x26, 0x28, 0x29, 0xa7, 0xa8, 0xa9, 0x37, 0x3e,
    0x41, 0x7b, 0x82, 0x85, 0xc0, 0xc0, 0xbe, 0x5c, 0x62, 0x65, 0x07, 0x07, 0x07, 0x00, 0xf0, 0xb3,
    0x00, 0x54, 0xb3, 0xb9, 0x84, 0x3d, 0xc6, 0x2b, 0x3e, 0x00, 0xaa, 0x7e, 0x5b, 0x5b, 0x5a, 0xe1,
    0xe1, 0xe1, 0xde, 0xde, 0xdd, 0x58, 0x58, 0x58, 0xf0, 0xf0, 0xef, 0x5b, 0x5b, 0x5b, 0x9c, 0xa2,
    0xa4, 0x5c, 0x5c, 0x5b, 0x5c, 0x5c, 0x5b, 0x98, 0x9e, 0xa0, 0xf4, 0xf4, 0xf3, 0x5c, 0x5c, 0x5b,
    0x5c, 0x5c, 0x5a, 0x58, 0x5e, 0x60, 0x19, 0x23, 0x28, 0xbc, 0xc1, 0xc1, 0xd1, 0x97, 0x46, 0xd6,
    0x33, 0x44, 0x00, 0xb7, 0x88, 0xe7, 0x3b, 0x4b, 0xb0, 0x28, 0x39, 0x63, 0x63, 0x63, 0x6e, 0x22,
    0x2b, 0x00, 0xc7, 0x94, 0x27, 0x1b, 0x1c, 0x06, 0x46, 0x8f, 0x00, 0x63, 0xd5, 0xe7, 0xa8, 0x4e,
    0x00, 0x5d, 0xc6, 0x0c, 0x39, 0x6c, 0x00, 0x6c, 0xe7, 0xa9, 0x7a, 0x39, 0x19, 0x1e, 0x23, 0x29,
    0x24, 0x1d, 0x90, 0x25, 0x32, 0x03, 0x98, 0x72, 0x00, 0xac, 0x80, 0x8d, 0x67, 0x33, 0xbd, 0xbe,
    0xc0, 0xe6, 0xe6, 0xe5, 0x00, 0xda, 0xa2, 0x12, 0x2b, 0x48, 0xc4, 0x8c, 0x40, 0x0e, 0x58, 0x45,
    0x88, 0x88, 0x88, 0x11, 0x48, 0x3a, 0x73, 0x55, 0x2d, 0x49, 0x39, 0x24, 0xda, 0xda, 0xda, 0x81,
    0x81, 0x81, 0x65, 0x65, 0x65, 0x0c, 0x65, 0x4f, 0x14, 0x37, 0x2e, 0xe5, 0xe5, 0xe4, 0xe5, 0xe5,
    0xe2, 0x06, 0x87, 0x66, 0xe6, 0xe6, 0xe3, 0x7a, 0x7a, 0x7a, 0xbb, 0xbb, 0xbb, 0xcd, 0x2d, 0x40,
    0x58, 0x44, 0x27, 0xba, 0xba, 0xba, 0x09, 0x75, 0x5a, 0xc7, 0xc7, 0xc7, 0xa6, 0xa6, 0xa6, 0xde,
    0xe0, 0xde, 0xdc, 0xdc, 0xda, 0xe5, 0xe5, 0xe2, 0x57, 0x20, 0x26, 0x66, 0x66, 0x66, 0x00, 0xd2,
    0x9c, 0xe7, 0xe7, 0xe4, 0x98, 0x98, 0x98, 0x02, 0x4e, 0xa4, 0xb6, 0xb6, 0xb6, 0x98, 0x98, 0x98,
    0xb5, 0xb5, 0xb5, 0xdd, 0xdd, 0xda, 0x60, 0x60, 0x5f, 0x87, 0x87, 0x87, 0x0f, 0x32, 0x59, 0xa9,
    0xa9, 0xa9, 0xc7, 0xc7, 0xc7, 0x47, 0x1e, 0x23, 0x97, 0x97, 0x97, 0xa6, 0xa6, 0xa6, 0xdd, 0xdd,
    0xda, 0x80, 0x80, 0x7e, 0x64, 0x4b, 0x2a, 0x3a, 0x1d, 0x20, 0xa0, 0xa0, 0x9e, 0xdd, 0xa1, 0x4a,
    0x69, 0x69, 0x4d, 0xf2, 0xf2, 0xee, 0x98, 0x98, 0x98, 0x75, 0x75, 0x75, 0x75, 0x75, 0x75, 0xdc,
    0xdc, 0xda, 0x86, 0x86, 0x86, 0x9c, 0x71, 0x36, 0x18, 0x21, 0x1e, 0x69, 0x69, 0x69, 0xb7, 0xb7,
    0xb7, 0xe1, 0xe1, 0xde, 0x96, 0x96, 0x96, 0xa8, 0xa8, 0xa8, 0x68, 0x68, 0x68, 0xa8, 0xa8, 0xa8,
    0x78, 0x78, 0x78, 0x85, 0x85, 0x85, 0xe3, 0xe3, 0xd7, 0xe0, 0xe0, 0xdd, 0xf2, 0xf2, 0xed, 0x63,
    0x63, 0x63, 0x96, 0x96, 0x96, 0xc6, 0xc6, 0xc6, 0xa6, 0xa6, 0xa6, 0xdb, 0xdb, 0xd9, 0xb7, 0xb7,
    0xb7, 0x97, 0x97, 0x97, 0x74, 0x74, 0x74, 0x74, 0x74, 0x74, 0x76, 0x76, 0x76, 0xa8, 0xa8, 0xa8,
    0x60, 0x5f, 0x60, 0x86, 0x86, 0x86, 0x87, 0x87, 0x87, 0xf3, 0xf3, 0xef, 0xc0, 0xbf, 0xc0, 0xe0,
    0xe0, 0xdd, 0xe0, 0xe0, 0xdd, 0xe1, 0xe1, 0xde, 0xe2, 0xe2, 0xdc, 0x67, 0x67, 0x67, 0x40, 0x40,
    0x40, 0xb9, 0xb9, 0xb9, 0xde, 0xe0, 0xe0, 0x08, 0x7f, 0x60, 0xa0, 0x9f, 0xa0, 0xf2, 0xf2, 0xee,
    0x80, 0x7f, 0x80, 0xc7, 0xc7, 0xc7, 0xc4, 0xc4, 0xc4, 0xc2, 0xc2, 0xc2, 0xc4, 0xc4, 0xc4, 0xc0,
    0x89, 0x3f, 0xbc, 0xc0, 0xbf, 0xf3, 0xf3, 0xf0, 0x60, 0x60, 0x58, 0x40, 0x3f, 0x40, 0x81, 0x5f,
    0x30, 0x5f, 0x60, 0x5f, 0xff, 0xff, 0xbf, 0x00, 0x00, 0x00, 0x00, 0x00, 0x00, 0x00, 0x00, 0x00,
    0x00, 0x00, 0x00, 0x00, 0x00, 0x00, 0x00, 0x00, 0x00, 0x00, 0x00, 0x00, 0x00, 0x00, 0x00, 0x00,
    0x00, 0x00, 0x00, 0x00, 0x00, 0x00, 0x00, 0x00, 0x00, 0x00, 0x00, 0x00, 0x00, 0x00, 0x00, 0x00,
    0x00, 0x00, 0x00, 0x00, 0x00, 0x00, 0x00, 0x00, 0x00, 0x00, 0x00, 0x00, 0x00, 0x00, 0x00, 0x00,
    0x00, 0x00, 0x00, 0x00, 0x00, 0x00, 0x00, 0x00, 0x00, 0x00, 0x00, 0x00, 0x00, 0x00, 0x00, 0x00,
    0x00, 0x00, 0x00, 0x00, 0x00, 0x00, 0x00, 0x00, 0x00, 0x00, 0x00, 0x00, 0x00, 0x00, 0x00, 0x00,
    0x00, 0x00, 0x00, 0x00, 0x00, 0x00, 0x00, 0x00, 0x00, 0x00, 0x00, 0x00, 0x00, 0x00, 0x00, 0x00,
    0x00, 0x00, 0x00, 0x00, 0x00, 0x00, 0x00, 0x00, 0x00, 0x00, 0x00, 0x00, 0x00, 0x00, 0x00, 0x00,
    0x00, 0x00, 0x00, 0x00, 0x00, 0x00, 0x00, 0x00, 0x00, 0x00, 0x00, 0x00, 0x00, 0x00, 0x00, 0x00,
    0x00, 0x00, 0x00, 0x00, 0x00, 0x00, 0x00, 0x00, 0x00, 0x00, 0x00, 0x00, 0x00, 0x00, 0x00, 0x00,
    0x00, 0x00, 0x00, 0x00, 0x00, 0x00, 0x00, 0x00, 0x00, 0x00, 0x00, 0x00, 0x00, 0x00, 0x00, 0x00,
    0x00, 0x00, 0x00, 0x00, 0x00, 0x00, 0x00, 0x00, 0x00, 0x00, 0x00, 0x00, 0x00, 0x00, 0x00, 0x00,
    0x00, 0x00, 0x00, 0x00, 0x00, 0x00, 0x00, 0x00, 0x00, 0x00, 0x00, 0x00, 0x00, 0x00, 0x00, 0x00,
    0x00, 0x00, 0x00, 0x00, 0x00, 0x00, 0x00, 0x00, 0x00, 0x8b, 0x2f, 0x5f, 0x50, 0x00, 0x00, 0x01,
    0x00, 0x74, 0x52, 0x4e, 0x53, 0xfe, 0xff, 0x00, 0xfe, 0xfe, 0xfe, 0xfe, 0xfe, 0xfe, 0xff, 0xff,
    0xff, 0xff, 0xff, 0xff, 0xfe, 0xfe, 0xff, 0xfe, 0xff, 0xfe, 0xff, 0xfe, 0xff, 0xff, 0xff, 0xff,
    0xff, 0xff, 0xff, 0xff, 0xff, 0xff, 0x2e, 0xaa, 0x92, 0x10, 0x2a, 0xae, 0xff, 0x4c, 0x90, 0xff,
    0x0d, 0xd2, 0x6e, 0xff, 0xff, 0xff, 0xff, 0xff, 0xff, 0xff, 0xff, 0x0b, 0xff, 0xff, 0xff, 0xff,
    0xff, 0xff, 0xff, 0xff, 0xff, 0xff, 0xff, 0xff, 0xff, 0xff, 0xff, 0xff, 0xff, 0x11, 0xff, 0xff,
    0xff, 0xff, 0xcf, 0xff, 0xff, 0xff, 0x10, 0x06, 0x2d, 0xff, 0xff, 0x2e, 0xcf, 0xff, 0x4e, 0xd3,
    0x0d, 0xff, 0xff, 0x30, 0xff, 0x2e, 0xcf, 0xff, 0x33, 0x8c, 0xff, 0xd1, 0xff, 0x6e, 0x0c, 0xff,
    0xac, 0x2b, 0x4f, 0x48, 0xff, 0xae, 0xff, 0x13, 0x0c, 0xff, 0x8c, 0x54, 0xcf, 0xff, 0xff, 0xff,
    0xff, 0xff, 0x0b, 0xd0, 0xcf, 0x6f, 0xad, 0xb1, 0x8d, 0xff, 0xff, 0x6d, 0xcb, 0xb3, 0x6c, 0x71,
    0x91, 0x2e, 0x92, 0x4d, 0x16, 0x4d, 0xad, 0x53, 0x53, 0xcb, 0x92, 0x78, 0x69, 0xae, 0x0f, 0x50,
    0x2d, 0xad, 0xff, 0x6c, 0x2c, 0x6c, 0xff, 0xc8, 0x8c, 0x73, 0x28, 0xa6, 0x04, 0x91, 0xff, 0xff,
    0xff, 0x8a, 0xff, 0xb4, 0x93, 0x72, 0x57, 0xff, 0xff, 0x54, 0x20, 0xff, 0xff, 0xff, 0x04, 0x00,
    0x00, 0x00, 0x00, 0x00, 0x00, 0x00, 0x00, 0x00, 0x00, 0x00, 0x00, 0x00, 0x00, 0x00, 0x00, 0x00,
    0x00, 0x00, 0x00, 0x00, 0x00, 0x00, 0x00, 0x00, 0x00, 0x00, 0x00, 0x00, 0x00, 0x00, 0x00, 0x00,
    0x00, 0x00, 0x00, 0x00, 0x00, 0x00, 0x00, 0x00, 0x00, 0x00, 0x00, 0x00, 0x00, 0x00, 0x00, 0x00,
    0x00, 0x00, 0x00, 0x00, 0x00, 0x00, 0x00, 0x00, 0x00, 0x00, 0x00, 0x00, 0x00, 0x00, 0x00, 0x00,
    0x00, 0x00, 0x00, 0x00, 0x00, 0x49, 0xd2, 0xd8, 0x21, 0x00, 0x00, 0x45, 0xfe, 0x49, 0x44, 0x41,
    0x54, 0x78, 0xda, 0xed, 0x9d, 0x89, 0x9b, 0x1c, 0xd5, 0x75, 0xf6, 0xab, 0xbb, 0x76, 0x03, 0x5d,
    0x7b, 0x4d, 0x77, 0x8f, 0x25, 0x04, 0xc8, 0x6a, 0x4d, 0x4b, 0x9a, 0x19, 0x90, 0x84, 0x90, 0x10,
    0x8b, 0x16, 0x10, 0x08, 0x2c, 0x24, 0x81, 0x58, 0x82, 0x01, 0x9b, 0x80, 0x59, 0xbc, 0x60, 0x16,
    0xdb, 0x60, 0x1c, 0xef, 0x24, 0x8e, 0x9d, 0xc4, 0x76, 0x16, 0x27, 0x4e, 0xe2, 0x24, 0x76, 0xec,
    0x38, 0xfb, 0x97, 0xe5, 0x5b, 0xff, 0xbb, 0xef, 0x2e, 0x55, 0xdd, 0x55, 0x5d, 0x4b, 0x57, 0xdd,
    0xa5, 0xaa, 0x7a, 0xfa, 0x9e, 0xc7, 0xcf, 0x63, 0x96, 0x61, 0x66, 0x54, 0x75, 0x7f, 0xfd, 0x9e,
    0xf3, 0x9e, 0x73, 0xef, 0x95, 0xfa, 0x5d, 0x8f, 0x23, 0x4b, 0xe3, 0x13, 0x4b, 0xe2, 0xe9, 0x65,
    0x5f, 0xf0, 0x89, 0xbe, 0x08, 0x06, 0xf1, 0xc8, 0x27, 0x68, 0xe3, 0x91, 0x65, 0xaf, 0xfa, 0x91,
    0xce, 0x3f, 0x04, 0xa9, 0xa3, 0xef, 0xe6, 0xe9, 0xe7, 0x5e, 0x7f, 0xfd, 0x95, 0xdb, 0x9f, 0x79,
    0x46, 0x5e, 0x1a, 0x92, 0x2c, 0x51, 0x04, 0xfe, 0x16, 0xdf, 0xf8, 0x9f, 0x02, 0x07, 0xda, 0xf8,
    0xc4, 0x4f, 0xa2, 0x87, 0x49, 0xf3, 0x36, 0xa4, 0xe5, 0xef, 0x5b, 0x7e, 0xe6, 0xf6, 0xdb, 0x5f,
    0x79, 0xfd, 0xb9, 0xa7, 0x9f, 0x3e, 0x22, 0x80, 0xaa, 0x42, 0xd2, 0x73, 0x90, 0x23, 0xfc, 0xe4,
    0x94, 0x28, 0x64, 0xae, 0x81, 0x7e, 0x82, 0xf4, 0x93, 0x23, 0x02, 0x09, 0xaa, 0x3c, 0xe2, 0xef,
    0x24, 0xb9, 0x99, 0x77, 0x05, 0xc2, 0x30, 0x62, 0xb4, 0x00, 0x58, 0x47, 0x04, 0x50, 0x45, 0xa2,
    0xf4, 0x3a, 0x22, 0xc9, 0x50, 0xe6, 0x21, 0x37, 0x13, 0x08, 0x29, 0x91, 0xf7, 0xd1, 0xf0, 0xf4,
    0x13, 0xf8, 0xde, 0x9a, 0x7b, 0x5d, 0xa9, 0x15, 0x02, 0xb0, 0x7a, 0x44, 0x00, 0x95, 0x8c, 0x6b,
    0x80, 0xa5, 0x9c, 0x07, 0xd5, 0x60, 0x40, 0xa2, 0x84, 0x46, 0xd1, 0xf0, 0xd4, 0xc2, 0x2b, 0x4b,
    0xad, 0x96, 0x67, 0x5e, 0xe9, 0x06, 0x55, 0x52, 0xfb, 0x39, 0xde, 0x2b, 0xcf, 0xb4, 0xca, 0xd2,
    0x2c, 0xbe, 0x21, 0x88, 0x22, 0x8d, 0x7f, 0x95, 0x5a, 0x7a, 0x67, 0x0b, 0xeb, 0xe6, 0xf6, 0xd7,
    0x9f, 0x5e, 0x6b, 0xa0, 0x32, 0x30, 0xc9, 0xad, 0xc6, 0xbf, 0x0a, 0x32, 0x08, 0xfd, 0x08, 0xa9,
    0xd5, 0xf7, 0x96, 0x58, 0x40, 0xa0, 0xb8, 0xba, 0xbd, 0x5d, 0xa5, 0x6a, 0x0f, 0xa8, 0x47, 0x5e,
    0xef, 0x12, 0x4c, 0xc8, 0x9f, 0x12, 0x65, 0x14, 0x59, 0xc2, 0xf7, 0x8d, 0xf6, 0xdf, 0x5d, 0x7a,
    0x25, 0xbd, 0xd2, 0x9e, 0x55, 0xd1, 0x12, 0x50, 0x4f, 0x03, 0x69, 0xea, 0x12, 0x4b, 0x51, 0xd2,
    0x27, 0xe0, 0x20, 0x89, 0xbf, 0xeb, 0xca, 0xfb, 0x4b, 0xae, 0xa8, 0xb6, 0x84, 0x4a, 0x6a, 0x85,
    0xa6, 0xc4, 0x9f, 0x5d, 0xee, 0x50, 0x08, 0x89, 0x22, 0x8a, 0x6f, 0x74, 0xe9, 0x1d, 0x26, 0xb2,
    0xbf, 0xdb, 0x9f, 0xbb, 0xb6, 0x06, 0x40, 0x25, 0x69, 0x92, 0xbb, 0x16, 0xa2, 0x8a, 0x5a, 0xbd,
    0x0a, 0xaa, 0x04, 0x2a, 0x59, 0xfe, 0xfe, 0x73, 0x47, 0xf6, 0x34, 0x50, 0x8f, 0x3c, 0x37, 0xcb,
    0xf4, 0xe4, 0x2e, 0x86, 0xc8, 0xf9, 0x56, 0x39, 0xe3, 0xcb, 0xed, 0x01, 0xcb, 0xaf, 0x3c, 0xb2,
    0x67, 0x81, 0x02, 0xe2, 0x64, 0x74, 0x98, 0x26, 0x98, 0xf3, 0x09, 0x3c, 0xea, 0xc7, 0x4f, 0xba,
    0xfa, 0x36, 0xe3, 0x8f, 0xee, 0x67, 0x9e, 0x7b, 0x77, 0x0f, 0x02, 0x75, 0x24, 0x16, 0x27, 0xb9,
    0xc3, 0x21, 0x3d, 0x22, 0xf8, 0x58, 0xed, 0x12, 0x2a, 0x17, 0x2a, 0x59, 0x7e, 0xfd, 0x91, 0x3d,
    0x06, 0xd4, 0xb5, 0x5f, 0x61, 0x71, 0x92, 0xbb, 0x1d, 0x02, 0xa8, 0xbd, 0x06, 0xd4, 0x8c, 0xa9,
    0xdb, 0x9f, 0xde, 0x43, 0x40, 0xfd, 0xe8, 0x15, 0x79, 0x05, 0x68, 0x12, 0x29, 0xdf, 0x1e, 0x4b,
    0xf9, 0x52, 0x4c, 0x19, 0xf2, 0x33, 0x3f, 0xde, 0x23, 0x40, 0x3d, 0x7d, 0xbb, 0xbc, 0x12, 0x34,
    0x09, 0x53, 0x62, 0x2f, 0x99, 0x12, 0x79, 0x03, 0xd0, 0xcf, 0x34, 0xe0, 0xf9, 0x71, 0x07, 0xea,
    0xe9, 0xef, 0x1b, 0x86, 0xc2, 0x69, 0x7a, 0x8b, 0x79, 0x33, 0xeb, 0xef, 0x04, 0x1e, 0x04, 0xd5,
    0xb1, 0xb4, 0x0a, 0xaf, 0x16, 0xfd, 0x00, 0xc3, 0xf8, 0xf1, 0xff, 0x5b, 0x6d, 0xa0, 0x7e, 0xfd,
    0xfd, 0x78, 0xef, 0x0a, 0x8f, 0x87, 0xcd, 0xfa, 0xd9, 0x8b, 0x81, 0xf3, 0x96, 0x72, 0x3e, 0xa5,
    0x91, 0xd7, 0x0b, 0xc2, 0x30, 0x8c, 0xd7, 0xdf, 0x5d, 0x5d, 0xa0, 0x7e, 0xfb, 0x97, 0x8c, 0x70,
    0x6a, 0x28, 0x6e, 0xbf, 0xa3, 0x03, 0xf1, 0xca, 0xed, 0x20, 0x2a, 0xfd, 0xb6, 0x9d, 0x89, 0x55,
    0x7a, 0xc7, 0x80, 0xa9, 0x5f, 0x1d, 0x59, 0x4d, 0xa0, 0x7e, 0xf4, 0x7d, 0xa3, 0x89, 0x0f, 0xae,
    0xbd, 0x18, 0x72, 0xe5, 0xdd, 0xfb, 0x22, 0x08, 0xe2, 0x97, 0x3f, 0x5e, 0x41, 0xa0, 0x1e, 0xf9,
    0x7b, 0x43, 0x80, 0xc4, 0x17, 0x28, 0xfe, 0x19, 0xd2, 0x5e, 0x0d, 0xe3, 0x97, 0x4f, 0xaf, 0x18,
    0x50, 0xef, 0xfe, 0x8a, 0x2c, 0xd9, 0x53, 0x44, 0xb0, 0x02, 0xaa, 0x99, 0xa2, 0x64, 0x65, 0x91,
    0xfa, 0xfe, 0xb5, 0x55, 0x02, 0xea, 0x8b, 0xf5, 0x71, 0x32, 0x04, 0x46, 0x4d, 0x03, 0xb5, 0xde,
    0xc8, 0x19, 0xbf, 0xba, 0xb6, 0x2a, 0x40, 0xfd, 0xba, 0x6e, 0xf1, 0xb4, 0xf4, 0xc5, 0x1a, 0x39,
    0xb1, 0xa7, 0x3f, 0x40, 0x45, 0x0d, 0xd5, 0x04, 0x52, 0x3f, 0x5e, 0x09, 0xa0, 0x6a, 0x16, 0x4f,
    0xe5, 0x1f, 0x8f, 0x92, 0x08, 0x11, 0xdc, 0x3e, 0x48, 0x8c, 0x5f, 0xfe, 0xba, 0xfb, 0x40, 0x7d,
    0xd1, 0xa0, 0x4e, 0xf3, 0x04, 0x48, 0x12, 0x2b, 0x15, 0x13, 0x60, 0x2d, 0x59, 0x81, 0x7f, 0x7f,
    0xad, 0xdb, 0x40, 0xd5, 0xb0, 0xca, 0x05, 0x4a, 0x94, 0xe5, 0x91, 0x78, 0x54, 0x2c, 0xb0, 0x62,
    0x9d, 0xf7, 0xb1, 0x05, 0xea, 0x8b, 0x0a, 0x31, 0x4d, 0x86, 0x60, 0x49, 0x44, 0x1b, 0x54, 0x19,
    0x77, 0x3c, 0xd2, 0x55, 0xa0, 0xae, 0x55, 0x94, 0x27, 0x01, 0x93, 0x08, 0x3e, 0x50, 0x91, 0x79,
    0x94, 0xca, 0x6f, 0x77, 0x13, 0xa8, 0x1f, 0x2b, 0x44, 0x75, 0x93, 0x80, 0x49, 0x04, 0x43, 0xa8,
    0x48, 0x90, 0x62, 0x59, 0x49, 0x31, 0x03, 0xea, 0x47, 0xdf, 0x31, 0x08, 0xc4, 0x49, 0xc0, 0x24,
    0x82, 0x39, 0x54, 0x04, 0x3a, 0xc5, 0x4e, 0xa4, 0xa4, 0x26, 0xab, 0x27, 0x21, 0x4d, 0x22, 0x5a,
    0x10, 0xaa, 0x4a, 0x44, 0xdd, 0xf1, 0x7c, 0x97, 0x80, 0xba, 0x76, 0x87, 0x22, 0x68, 0x12, 0xd1,
    0x5d, 0x9d, 0xaa, 0x90, 0xf6, 0x7d, 0xf5, 0xd7, 0xdd, 0x01, 0xea, 0x47, 0x5f, 0x35, 0x6a, 0xe2,
    0x24, 0xde, 0xb8, 0x88, 0x66, 0x99, 0x5a, 0x5e, 0x90, 0x28, 0x3f, 0xee, 0x0a, 0x50, 0xcb, 0xd3,
    0x3d, 0x41, 0x93, 0x88, 0xd6, 0xfb, 0x79, 0xcb, 0x3f, 0xf4, 0xef, 0x38, 0xd2, 0x09, 0xa0, 0x7e,
    0xaa, 0x08, 0x9c, 0x44, 0xac, 0x84, 0x4c, 0x2d, 0x4d, 0xfb, 0xae, 0xb5, 0x0f, 0xd4, 0xf3, 0xdf,
    0x51, 0xaa, 0xe3, 0x64, 0x08, 0x9c, 0x44, 0xd4, 0xbc, 0xff, 0x98, 0xad, 0x4c, 0x2d, 0xfb, 0xec,
    0xbf, 0xd6, 0x36, 0x50, 0xcb, 0xca, 0x27, 0x21, 0x4e, 0x22, 0xea, 0x2c, 0x7d, 0x6d, 0x57, 0x0f,
    0x5d, 0xdf, 0xb6, 0x2d, 0x6b, 0xbc, 0xad, 0xc2, 0xd8, 0xde, 0x1e, 0x5b, 0xb6, 0x3d, 0x74, 0xa7,
    0xa1, 0xbe, 0xab, 0x11, 0x7a, 0x59, 0x72, 0xf5, 0xc4, 0x8f, 0xda, 0x3f, 0xa7, 0x04, 0xea, 0x5a,
    0x39, 0x4f, 0x02, 0x27, 0x11, 0x95, 0x16, 0xbc, 0xb6, 0x1b, 0xba, 0xbd, 0xb1, 0xea, 0x0c, 0x3c,
    0x2f, 0x08, 0xce, 0x99, 0xe6, 0x66, 0x3a, 0x4c, 0xd3, 0xdc, 0x09, 0x02, 0x6f, 0xc3, 0x51, 0x55,
    0xcb, 0x9f, 0xe8, 0x5a, 0xed, 0xc5, 0x54, 0xfd, 0x26, 0x32, 0x5a, 0xa2, 0xe8, 0x80, 0x7a, 0xe4,
    0xab, 0x02, 0x27, 0x11, 0x74, 0x2c, 0xe9, 0x93, 0xe1, 0x58, 0x1d, 0x78, 0x01, 0xa4, 0xc8, 0x04,
    0xd4, 0x40, 0x68, 0x80, 0x26, 0xd9, 0x7e, 0x1c, 0x36, 0xd4, 0x2b, 0x55, 0x75, 0x1c, 0xf0, 0x35,
    0x10, 0xae, 0x1d, 0xf8, 0x35, 0x96, 0x1f, 0xd6, 0xc3, 0x2a, 0x39, 0xa2, 0x53, 0x2e, 0x02, 0x5f,
    0x6c, 0x0f, 0xa8, 0x25, 0x3c, 0x69, 0x71, 0x08, 0x9c, 0x44, 0xe4, 0xb2, 0xe4, 0x5a, 0x08, 0xa5,
    0xcd, 0x4d, 0xc4, 0x88, 0xed, 0xbb, 0xa1, 0x0e, 0x56, 0x4b, 0x41, 0x68, 0x3a, 0xca, 0x06, 0x2d,
    0xd5, 0x09, 0x10, 0x7b, 0xe0, 0x3f, 0xb1, 0x43, 0xed, 0x65, 0xa2, 0xc4, 0x8f, 0x9f, 0x46, 0xd1,
    0x00, 0x75, 0xa4, 0x6c, 0xda, 0x48, 0x51, 0x04, 0x4e, 0x22, 0x0a, 0x17, 0xb7, 0xa6, 0x0f, 0x55,
    0xc7, 0xdb, 0x01, 0x60, 0x78, 0x80, 0x24, 0x08, 0x52, 0xf5, 0x8d, 0xf9, 0x9a, 0x1e, 0xfa, 0x36,
    0xc2, 0x0a, 0x52, 0x65, 0xb9, 0xbb, 0x55, 0x57, 0x58, 0x45, 0xa4, 0xa8, 0x88, 0xa2, 0x01, 0xaa,
    0x64, 0x3c, 0x42, 0xe0, 0x24, 0xa2, 0x44, 0x99, 0x7a, 0xea, 0x00, 0xe2, 0xe0, 0xa9, 0xb6, 0x1f,
    0xea, 0x49, 0x54, 0xa0, 0x0a, 0x85, 0x13, 0x17, 0x04, 0xc8, 0xf5, 0x86, 0x30, 0x60, 0xd2, 0x07,
    0xfe, 0x76, 0x1a, 0x86, 0xba, 0x7e, 0x49, 0x4b, 0x61, 0xe5, 0xfa, 0x96, 0x13, 0x6c, 0x6e, 0x9e,
    0xf3, 0x9c, 0x31, 0x80, 0x8a, 0x21, 0x52, 0x34, 0x5e, 0x9f, 0xc4, 0xa5, 0x9f, 0x2b, 0x70, 0x12,
    0x51, 0x24, 0x4d, 0xee, 0x18, 0x6a, 0x4b, 0xe0, 0x58, 0xbe, 0xab, 0x2f, 0xa4, 0x73, 0xc3, 0xde,
    0xb2, 0x18, 0xfa, 0xd0, 0xee, 0x9b, 0x83, 0x05, 0xa8, 0xb2, 0x55, 0xcf, 0xdc, 0xdc, 0x01, 0x6c,
    0x86, 0x95, 0x16, 0x5b, 0xa5, 0xab, 0x9d, 0xbf, 0xd3, 0x06, 0x50, 0xd7, 0x94, 0xe5, 0xc5, 0x93,
    0x21, 0x56, 0x90, 0x88, 0x79, 0x28, 0x20, 0xcf, 0xf3, 0x02, 0xa0, 0x4c, 0x3f, 0x87, 0x96, 0xc2,
    0x2c, 0x7f, 0xab, 0x42, 0xd2, 0x22, 0x58, 0xee, 0x64, 0x8e, 0x15, 0x84, 0x0a, 0x7c, 0xd7, 0x00,
    0x08, 0x95, 0x26, 0x33, 0x41, 0x8a, 0xc2, 0x98, 0x90, 0xd8, 0x0f, 0x48, 0x08, 0x2f, 0x42, 0x44,
    0x4e, 0xbc, 0x0c, 0x69, 0x82, 0xd2, 0x64, 0xc7, 0xca, 0x04, 0x59, 0xaa, 0x8d, 0x52, 0x32, 0x80,
    0x89, 0x31, 0x83, 0x0a, 0xa4, 0x7f, 0xe0, 0x9b, 0x0f, 0x2a, 0x31, 0x65, 0x2c, 0x25, 0xea, 0xab,
    0x2d, 0x00, 0xa5, 0x88, 0x6c, 0x4f, 0x44, 0xe5, 0x4c, 0x0f, 0xd3, 0xe4, 0xa9, 0x7e, 0x18, 0xc3,
    0x34, 0xf5, 0x7b, 0x2c, 0x62, 0xe8, 0xc6, 0x55, 0x98, 0xe6, 0xda, 0xa0, 0xa4, 0x02, 0x4c, 0x4d,
    0x96, 0x32, 0xb5, 0x54, 0xa4, 0xc8, 0x7d, 0x09, 0x89, 0x6d, 0xc6, 0x37, 0xcf, 0xf6, 0x04, 0x4e,
    0x22, 0xe6, 0x75, 0x13, 0xd2, 0x26, 0xd5, 0xd7, 0xe3, 0xc2, 0x67, 0xd8, 0x63, 0x19, 0x33, 0xa8,
    0xb4, 0xd0, 0x76, 0x50, 0x7d, 0x16, 0x2a, 0x74, 0x48, 0x19, 0x3f, 0x6d, 0x1c, 0xa8, 0x5c, 0x4b,
    0x42, 0xc8, 0x93, 0x88, 0x4c, 0x7e, 0xa5, 0x23, 0xe1, 0x88, 0xb5, 0x49, 0x0b, 0x19, 0xd3, 0x14,
    0xa7, 0x7f, 0x53, 0xec, 0xbc, 0x43, 0x9d, 0x32, 0x81, 0x7f, 0xe8, 0x2f, 0xfb, 0x48, 0x2f, 0x27,
    0xea, 0x3b, 0x8d, 0x03, 0xf5, 0xd3, 0x6c, 0x0f, 0xca, 0x10, 0xf2, 0x24, 0x62, 0x71, 0xd9, 0x42,
    0x71, 0x32, 0x1d, 0x3b, 0xa6, 0xc9, 0xef, 0xf1, 0x8b, 0xa1, 0x1b, 0x33, 0x65, 0x79, 0x9b, 0x3b,
    0x03, 0x4b, 0x97, 0x2b, 0x8a, 0x54, 0x9e, 0x34, 0x34, 0x0e, 0xd4, 0x77, 0x4a, 0xe4, 0x49, 0xac,
    0x23, 0x11, 0x68, 0xc9, 0xee, 0xf6, 0x90, 0x38, 0xb9, 0x1a, 0x7f, 0x9a, 0xd2, 0x4c, 0x85, 0x58,
    0xa6, 0x5c, 0x85, 0xd4, 0x9c, 0xe8, 0x00, 0x50, 0x42, 0x9e, 0x44, 0x2c, 0xe0, 0x64, 0x0f, 0xcc,
    0xcd, 0x48, 0x9c, 0x34, 0x9d, 0x3f, 0x4d, 0x31, 0x53, 0x97, 0x22, 0x99, 0x42, 0x2c, 0x2b, 0x64,
    0x22, 0x45, 0xdc, 0xdb, 0x25, 0x06, 0xea, 0xab, 0x42, 0x9e, 0x44, 0x94, 0xfa, 0x7a, 0x16, 0xc8,
    0xf5, 0x22, 0x1f, 0x42, 0x9b, 0x0c, 0x7b, 0x0d, 0x46, 0xd4, 0xe5, 0x0a, 0x6d, 0x0f, 0x18, 0x14,
    0xc3, 0xd2, 0x4f, 0x78, 0xa3, 0x60, 0x60, 0x96, 0xd8, 0xe6, 0x93, 0xd8, 0xb8, 0xe6, 0x8a, 0x90,
    0x27, 0x11, 0x89, 0x78, 0x79, 0xb2, 0xed, 0x99, 0x51, 0xae, 0xd7, 0x44, 0xaa, 0x97, 0x93, 0xfa,
    0xa1, 0xee, 0x94, 0xed, 0x6c, 0x82, 0x02, 0x6e, 0x57, 0xae, 0x2d, 0x52, 0x2d, 0x03, 0x25, 0xe4,
    0x49, 0x44, 0x4a, 0x9d, 0xc6, 0x40, 0x1b, 0x2c, 0x17, 0x89, 0xd3, 0x74, 0xd8, 0x6b, 0x25, 0xb0,
    0xab, 0xa8, 0xf9, 0x0e, 0xf4, 0x44, 0xb4, 0x2a, 0x76, 0x5f, 0x77, 0x80, 0x12, 0xf2, 0x24, 0x22,
    0x83, 0x13, 0x5a, 0xcf, 0x97, 0xdc, 0x96, 0x70, 0x42, 0x32, 0x85, 0x32, 0x3f, 0x8c, 0xd4, 0x50,
    0xab, 0x20, 0x52, 0x2c, 0x86, 0x8f, 0xc8, 0x81, 0x52, 0x16, 0xd3, 0x3d, 0xd1, 0x7b, 0x12, 0x01,
    0x62, 0x17, 0xd4, 0x4e, 0x11, 0x4e, 0xba, 0xdb, 0x6b, 0x37, 0x86, 0xd3, 0x08, 0xa9, 0xcd, 0x1d,
    0xc7, 0x57, 0x6a, 0x88, 0x94, 0xd2, 0x06, 0x50, 0xd1, 0x8f, 0x57, 0x44, 0xba, 0x27, 0x62, 0xbe,
    0x34, 0x87, 0x03, 0xd3, 0xfc, 0xb9, 0x8b, 0xc7, 0xeb, 0x7a, 0xed, 0xc7, 0xd0, 0x8d, 0x91, 0x0a,
    0xd4, 0x89, 0x5c, 0x55, 0xa4, 0xc0, 0x5f, 0x34, 0x9e, 0xf2, 0x7d, 0x15, 0xff, 0x7c, 0xe1, 0x46,
    0x88, 0x48, 0xb6, 0x71, 0x9d, 0x73, 0xa6, 0xda, 0x1d, 0x9c, 0xe6, 0x48, 0xe9, 0xc0, 0xf1, 0xf3,
    0xc6, 0xc5, 0xad, 0xde, 0x24, 0x51, 0xe8, 0xff, 0x1b, 0x07, 0xea, 0x8e, 0x78, 0x4b, 0x98, 0xe0,
    0x49, 0x44, 0x5c, 0x3c, 0x81, 0x5d, 0x14, 0x8e, 0xaf, 0x75, 0x09, 0xa7, 0x24, 0x52, 0xc1, 0xa6,
    0x57, 0xec, 0x4e, 0x2c, 0xde, 0x63, 0x71, 0xa4, 0x69, 0xa0, 0x7e, 0x3b, 0xc9, 0x93, 0x48, 0xf7,
    0x44, 0x48, 0x1a, 0x14, 0x01, 0x5b, 0xef, 0x1a, 0x4e, 0x73, 0xa4, 0xc2, 0x9f, 0x03, 0x77, 0xc2,
    0x2d, 0xfc, 0xe8, 0x9f, 0x2d, 0x66, 0x18, 0x77, 0x34, 0xbf, 0x7d, 0xe3, 0x0e, 0x45, 0x34, 0x73,
    0x45, 0xcc, 0x3f, 0xe1, 0x5d, 0x60, 0xa6, 0x21, 0x2f, 0x42, 0x73, 0x7b, 0xdd, 0x8b, 0x21, 0x72,
    0x49, 0x60, 0x29, 0x35, 0xde, 0x2d, 0x39, 0xcd, 0x6c, 0x46, 0xd4, 0x8f, 0x9a, 0x07, 0xea, 0xc8,
    0x4f, 0x45, 0xba, 0x27, 0x22, 0x0e, 0x7d, 0x0c, 0xb2, 0x3d, 0x17, 0xe1, 0x34, 0xec, 0x75, 0x32,
    0x86, 0x3a, 0xce, 0xfb, 0xcc, 0xc1, 0x50, 0x59, 0x46, 0xd4, 0x77, 0xae, 0xb5, 0xb0, 0xc1, 0xf0,
    0xdd, 0x3f, 0x15, 0x3c, 0x89, 0xc0, 0x61, 0x00, 0x79, 0x0a, 0x50, 0xb6, 0x17, 0x76, 0x14, 0x27,
    0x18, 0x38, 0xef, 0x53, 0xc1, 0x04, 0x47, 0x91, 0x39, 0x11, 0x13, 0xf5, 0xef, 0xef, 0x36, 0x0f,
    0xd4, 0x8b, 0x31, 0x4f, 0x62, 0x39, 0x89, 0xea, 0x09, 0xc8, 0x13, 0xf2, 0xf6, 0x34, 0xbf, 0xd7,
    0xe5, 0x18, 0x4e, 0x34, 0xf8, 0x3b, 0x7a, 0x9b, 0x1b, 0x85, 0x22, 0x15, 0x11, 0xf5, 0xa7, 0xd7,
    0x9a, 0x06, 0xea, 0xd3, 0xa2, 0x7c, 0x12, 0x31, 0xaf, 0x9e, 0x80, 0x7d, 0xd6, 0xe2, 0x94, 0x51,
    0xcd, 0xbc, 0x0f, 0x8b, 0xd4, 0x12, 0x6b, 0xe2, 0xd3, 0xcd, 0x02, 0x25, 0x78, 0x12, 0x11, 0xaf,
    0x40, 0xb0, 0x9b, 0x4f, 0x0d, 0xbb, 0xe8, 0xed, 0x15, 0xe6, 0x7d, 0x50, 0xa4, 0x06, 0x45, 0x76,
    0x1f, 0x25, 0x51, 0x64, 0x40, 0xbd, 0x28, 0x78, 0x12, 0x81, 0xe5, 0x29, 0x84, 0xd5, 0x93, 0xd6,
    0x51, 0x6f, 0xaf, 0xd0, 0xef, 0x0b, 0x55, 0x30, 0x6d, 0xa8, 0x15, 0x1d, 0x81, 0x41, 0x43, 0x94,
    0x44, 0xa3, 0x4f, 0xc2, 0x8e, 0x58, 0xf7, 0x78, 0x79, 0xe8, 0x61, 0x73, 0x4f, 0x1f, 0xf6, 0x56,
    0x26, 0x90, 0x48, 0x01, 0xbb, 0xcf, 0x09, 0x39, 0x10, 0x45, 0x02, 0xd4, 0x8b, 0x3a, 0x0a, 0xc1,
    0x93, 0x70, 0x23, 0xc6, 0x81, 0x69, 0xe9, 0x2b, 0x24, 0x4f, 0x89, 0x4a, 0xca, 0x75, 0x36, 0xbd,
    0xa1, 0xcc, 0x9c, 0x28, 0x89, 0x24, 0xdf, 0x13, 0x3c, 0x89, 0x80, 0xa1, 0x03, 0x37, 0xc2, 0x87,
    0x9b, 0x34, 0xfc, 0xde, 0x8a, 0x05, 0x14, 0x29, 0xdd, 0x02, 0x53, 0xf1, 0x0a, 0x6b, 0xa2, 0x24,
    0xa1, 0x4f, 0x22, 0x08, 0xcb, 0x27, 0x7f, 0x03, 0xa7, 0x7b, 0xe1, 0xb0, 0xb7, 0x72, 0x01, 0x45,
    0x0a, 0xa6, 0x7d, 0x05, 0x6e, 0x1f, 0x39, 0x51, 0x92, 0xe0, 0x49, 0x04, 0x99, 0xbb, 0x07, 0x46,
    0xf7, 0x56, 0x30, 0xdd, 0x4b, 0x79, 0x13, 0x20, 0xed, 0x73, 0xa6, 0x32, 0x53, 0xa2, 0x24, 0xc1,
    0x93, 0x08, 0xa2, 0xf2, 0x69, 0x3b, 0x40, 0xee, 0xde, 0xa5, 0x61, 0x6f, 0x45, 0x03, 0xa6, 0x7d,
    0xc0, 0xed, 0x2b, 0x28, 0xa4, 0x48, 0x89, 0x92, 0x04, 0x4f, 0x22, 0x48, 0xca, 0x27, 0x15, 0x97,
    0x4f, 0xe1, 0xca, 0xf2, 0x04, 0x4e, 0x9d, 0x80, 0x6e, 0x1f, 0x28, 0xa4, 0x6c, 0x85, 0x21, 0x51,
    0xf5, 0x80, 0x7a, 0xf7, 0xf7, 0x30, 0x50, 0x82, 0xa7, 0x35, 0x2f, 0x9f, 0x26, 0x0e, 0x2a, 0x9f,
    0x56, 0x34, 0xdd, 0x4b, 0xb9, 0x7d, 0x76, 0xb0, 0xb3, 0xad, 0x95, 0x10, 0xf5, 0xa7, 0xef, 0xf2,
    0x03, 0x4a, 0xf0, 0x24, 0x02, 0x0f, 0x1b, 0xe1, 0xe1, 0x08, 0xcd, 0xef, 0xad, 0x76, 0xa0, 0x42,
    0xca, 0xf7, 0x4c, 0x95, 0x1d, 0x51, 0x75, 0x80, 0x7a, 0xfe, 0x73, 0x82, 0x27, 0x11, 0x60, 0xa1,
    0x0d, 0xb1, 0x1d, 0xa1, 0x0f, 0x7b, 0x2b, 0x1f, 0xb0, 0x90, 0x82, 0xd6, 0x84, 0x5e, 0x42, 0xd4,
    0xbf, 0x3f, 0xcf, 0x09, 0xa8, 0x7f, 0x14, 0x3c, 0x89, 0x00, 0xd3, 0x11, 0xc0, 0x6d, 0x86, 0x76,
    0xc4, 0x5e, 0xe0, 0x09, 0x17, 0x52, 0xc0, 0x9a, 0x18, 0x4c, 0x4a, 0x88, 0xfa, 0x1f, 0x7c, 0x80,
    0xfa, 0x73, 0xcc, 0x53, 0x73, 0xf3, 0x7b, 0x79, 0xd7, 0x8c, 0x88, 0xf5, 0xdc, 0xfe, 0x30, 0x2c,
    0xb0, 0xf7, 0xa0, 0x1d, 0xd1, 0xdb, 0x1b, 0x01, 0x89, 0xd2, 0x81, 0xd9, 0x97, 0x3b, 0x2c, 0x1b,
    0x11, 0xf5, 0x1f, 0x3c, 0x80, 0xfa, 0x42, 0x63, 0x3c, 0xcd, 0xef, 0xc7, 0x31, 0xd2, 0x07, 0x67,
    0x18, 0x86, 0x21, 0xc8, 0x6a, 0x9b, 0xa7, 0xf1, 0x4e, 0x00, 0xed, 0x3d, 0xb7, 0xb7, 0x57, 0x02,
    0x5a, 0x13, 0xbf, 0xb0, 0x0a, 0x88, 0x8a, 0x66, 0xcf, 0xff, 0x93, 0x3d, 0x50, 0x2f, 0x36, 0xc1,
    0x53, 0x96, 0x23, 0x2d, 0x11, 0x49, 0xb4, 0x04, 0x55, 0x6d, 0xf1, 0x84, 0xec, 0x72, 0x6d, 0xef,
    0xf0, 0x14, 0x4d, 0x4d, 0x00, 0xa2, 0xfc, 0x12, 0xa2, 0x3e, 0xcd, 0x1a, 0xa8, 0xe7, 0xa3, 0x06,
    0x14, 0x67, 0x98, 0x8c, 0x05, 0x8c, 0x46, 0xa3, 0x91, 0x1e, 0x07, 0xf8, 0xeb, 0x05, 0xb4, 0x0c,
    0x01, 0x95, 0xd4, 0x74, 0x3b, 0xd7, 0xf4, 0xdc, 0x3d, 0x60, 0xef, 0x2d, 0xc4, 0x04, 0xce, 0x21,
    0x99, 0xf9, 0x2d, 0xde, 0x68, 0x31, 0xbe, 0xcb, 0x16, 0xa8, 0xe7, 0x7f, 0x8f, 0x2b, 0x4f, 0xf1,
    0x71, 0x9d, 0x31, 0x4a, 0x80, 0xa2, 0x51, 0xc4, 0x4d, 0x9c, 0xe6, 0x19, 0x48, 0xb7, 0xe0, 0xbf,
    0xd4, 0xf1, 0xbf, 0x8c, 0xb0, 0x12, 0x50, 0x35, 0xa9, 0x4f, 0xea, 0x9e, 0xe4, 0xa9, 0xd7, 0x83,
    0xf6, 0x79, 0x11, 0x51, 0x91, 0x79, 0xfe, 0x3c, 0x53, 0xa0, 0x78, 0x1a, 0x7c, 0x33, 0x65, 0xc2,
    0x28, 0x8d, 0xb4, 0x92, 0xeb, 0xee, 0xe5, 0x58, 0xc7, 0x20, 0x57, 0xa3, 0x98, 0x2a, 0x43, 0x30,
    0x25, 0x78, 0xa2, 0xb4, 0xcf, 0x8b, 0x89, 0xaa, 0x67, 0xf5, 0x49, 0x75, 0x0c, 0x3e, 0x99, 0x0f,
    0x4d, 0xca, 0x4c, 0x7a, 0xb4, 0x65, 0x28, 0xa5, 0xb1, 0x02, 0xff, 0x49, 0x0c, 0x95, 0x60, 0xaa,
    0x99, 0xfa, 0x69, 0x8f, 0xf2, 0xd4, 0xeb, 0x4d, 0x31, 0x51, 0x6e, 0x31, 0x51, 0xff, 0xc9, 0x0e,
    0x28, 0x5e, 0x86, 0x44, 0x82, 0x26, 0x28, 0x4c, 0x86, 0x5c, 0x3f, 0xe0, 0x65, 0x93, 0x23, 0xc1,
    0x94, 0xe0, 0x89, 0x95, 0x46, 0x95, 0x10, 0xf5, 0x69, 0x56, 0x40, 0x3d, 0xcf, 0x87, 0xa7, 0x19,
    0x4d, 0x23, 0x9d, 0x0c, 0xa6, 0xf9, 0x7d, 0x3a, 0xe0, 0x3b, 0x08, 0xa6, 0xb8, 0xf7, 0x9f, 0x76,
    0x10, 0x4f, 0x8d, 0xb5, 0x73, 0x7d, 0x37, 0x44, 0xeb, 0x2e, 0x9c, 0x36, 0x73, 0x76, 0x26, 0x22,
    0x0a, 0xb8, 0xe7, 0x74, 0xc6, 0x44, 0x05, 0xa0, 0x8e, 0x7c, 0x8e, 0x83, 0x21, 0x11, 0xd5, 0x4d,
    0x98, 0x26, 0x99, 0x3a, 0x0c, 0x25, 0x66, 0x4a, 0x20, 0xc5, 0xc9, 0x37, 0xb2, 0x03, 0xd8, 0x7f,
    0x6a, 0x46, 0x9f, 0xc0, 0x55, 0x69, 0xf2, 0x82, 0x46, 0x34, 0x70, 0x4b, 0xef, 0x04, 0xbb, 0xe7,
    0x93, 0x42, 0x63, 0xe2, 0xdf, 0x8f, 0x30, 0x01, 0x8a, 0x43, 0x01, 0x85, 0xc5, 0x09, 0x66, 0x7a,
    0x2c, 0x68, 0x9a, 0x31, 0x35, 0x8a, 0x65, 0x4a, 0xac, 0xff, 0x15, 0xe6, 0x69, 0x58, 0xb0, 0xd4,
    0xf8, 0x6f, 0x15, 0x99, 0x22, 0xa2, 0x06, 0x61, 0x21, 0x51, 0xff, 0xc1, 0x02, 0xa8, 0x17, 0x99,
    0xf3, 0x14, 0xe3, 0x34, 0x1a, 0x31, 0xa3, 0x29, 0xce, 0xfd, 0xb0, 0x4c, 0x09, 0xa4, 0xd8, 0x6f,
    0x77, 0xf7, 0xcc, 0x66, 0x78, 0x72, 0x71, 0x65, 0x01, 0xda, 0x24, 0xb0, 0x3e, 0x46, 0x2e, 0x95,
    0x31, 0x7b, 0x9b, 0xbc, 0x8f, 0xfe, 0x0b, 0xd1, 0x14, 0x92, 0xa3, 0x15, 0x96, 0x51, 0x2f, 0xd2,
    0x03, 0xf5, 0x0e, 0xeb, 0x02, 0x0a, 0x3b, 0x09, 0x4c, 0xc5, 0x29, 0xc9, 0x54, 0x24, 0x53, 0x02,
    0x29, 0xa6, 0x31, 0xf5, 0x4c, 0xbb, 0x09, 0x9e, 0xf0, 0x25, 0x83, 0xe0, 0x35, 0x86, 0x96, 0x13,
    0x98, 0x38, 0x02, 0xd5, 0xd6, 0x67, 0x50, 0x71, 0x9e, 0xc8, 0xc5, 0x44, 0xa9, 0x39, 0xab, 0x5d,
    0xc1, 0x1c, 0x3c, 0x4f, 0x0d, 0x14, 0xe3, 0x02, 0x6a, 0x8e, 0x93, 0xcc, 0x29, 0x90, 0x4c, 0x09,
    0xa4, 0x98, 0x86, 0x3e, 0xd8, 0xb4, 0x34, 0xfe, 0xf3, 0x7b, 0xd8, 0x61, 0x93, 0x95, 0xf7, 0x3d,
    0xf3, 0xdc, 0xe5, 0xfb, 0xcf, 0x9c, 0x79, 0x73, 0xdf, 0xbe, 0x37, 0xcf, 0x9c, 0xb9, 0xff, 0xed,
    0x1d, 0x70, 0xaf, 0x53, 0x18, 0xbf, 0xcf, 0x09, 0xd7, 0x5f, 0x01, 0x4c, 0x21, 0x81, 0xa3, 0x3b,
    0xc7, 0x39, 0x44, 0xe1, 0xb3, 0xbe, 0x3e, 0x47, 0x0b, 0xd4, 0x17, 0x98, 0x26, 0x7c, 0x11, 0x4e,
    0x23, 0x2e, 0xe2, 0x34, 0xaf, 0xa6, 0x34, 0xa1, 0x52, 0x4c, 0x63, 0xd7, 0xd9, 0x54, 0xf9, 0xf3,
    0x84, 0x2f, 0x6a, 0x97, 0x35, 0xd5, 0xdc, 0xb9, 0xff, 0xcc, 0xbe, 0x74, 0x9c, 0xb9, 0x7c, 0x2e,
    0x78, 0x3f, 0x52, 0x29, 0xae, 0x3e, 0x23, 0x9c, 0xeb, 0x73, 0xbd, 0x1d, 0x4b, 0xce, 0x49, 0xfa,
    0x10, 0x09, 0x5f, 0xa0, 0x03, 0xea, 0x1d, 0xc6, 0x3c, 0x71, 0x29, 0x9d, 0xf2, 0x90, 0xd2, 0x45,
    0x2d, 0xc5, 0x72, 0x40, 0xc2, 0xd1, 0xb9, 0xef, 0xd7, 0x98, 0x60, 0x75, 0x52, 0xcd, 0xcb, 0x88,
    0xa6, 0xfb, 0xee, 0xbd, 0xf7, 0x81, 0x07, 0x6e, 0xbe, 0xf9, 0xe6, 0x07, 0x1e, 0xb8, 0xf7, 0x3e,
    0xc4, 0xd4, 0xfd, 0x3b, 0x81, 0x8d, 0xdf, 0xa7, 0xec, 0x73, 0xc5, 0x1a, 0xec, 0xe1, 0x0d, 0x82,
    0x9c, 0x91, 0x09, 0xb9, 0x52, 0xd2, 0x27, 0x55, 0x49, 0xf8, 0x14, 0x66, 0x38, 0x29, 0x4d, 0xe0,
    0x84, 0x42, 0x20, 0xc5, 0x2c, 0x4b, 0xb7, 0x4c, 0x2f, 0xe4, 0xcd, 0xd3, 0x70, 0x17, 0xad, 0x10,
    0x1f, 0xe3, 0x74, 0x1f, 0x44, 0x29, 0x19, 0x08, 0xaa, 0xfb, 0xcf, 0x79, 0xd1, 0x47, 0xbb, 0xcb,
    0x99, 0x28, 0xd8, 0xe0, 0x2d, 0x2a, 0xa3, 0x3e, 0x47, 0x03, 0x14, 0x76, 0xcc, 0x47, 0x6c, 0x70,
    0xc2, 0x13, 0x78, 0xcd, 0xe0, 0x34, 0x57, 0x29, 0x41, 0x14, 0xf5, 0x86, 0xf7, 0x20, 0x70, 0x79,
    0xef, 0xcf, 0x45, 0x3b, 0x27, 0x64, 0xc5, 0x39, 0x77, 0x3f, 0x00, 0xe7, 0xde, 0x9b, 0x73, 0xe2,
    0x01, 0x88, 0xd4, 0xdb, 0x66, 0x24, 0x52, 0x53, 0xce, 0x3b, 0x0e, 0xad, 0x4d, 0x67, 0xb7, 0xa8,
    0x8c, 0xfa, 0x73, 0x72, 0xa0, 0x18, 0x26, 0x7c, 0x38, 0xdb, 0xe3, 0x67, 0x45, 0x14, 0x39, 0x7e,
    0x42, 0xa4, 0x68, 0x63, 0x82, 0x0d, 0xbe, 0x06, 0x78, 0x0a, 0x83, 0xcb, 0x6f, 0x16, 0xe0, 0x14,
    0x23, 0x75, 0xe6, 0x9c, 0xa3, 0xc8, 0xbc, 0x35, 0x0a, 0xce, 0x83, 0xe4, 0x5a, 0x7d, 0x55, 0x92,
    0x3e, 0xa9, 0x91, 0x84, 0x2f, 0xf6, 0x22, 0x0c, 0xb9, 0xd9, 0x50, 0x84, 0x48, 0x31, 0x30, 0x24,
    0x2c, 0xde, 0x3c, 0xa1, 0xf4, 0x4a, 0xfe, 0xd0, 0x7c, 0x1b, 0x24, 0x7b, 0x37, 0x97, 0xc4, 0x03,
    0xc0, 0xf5, 0xdb, 0xf1, 0xf8, 0x13, 0x35, 0x45, 0x56, 0x5f, 0x8e, 0x31, 0x51, 0x21, 0xe9, 0x2b,
    0x03, 0xea, 0x0b, 0x21, 0x0c, 0x9d, 0x19, 0x4f, 0x8a, 0xdc, 0x7c, 0x88, 0xbc, 0x8f, 0xda, 0x90,
    0x50, 0x75, 0xce, 0x06, 0x1f, 0xe6, 0xc9, 0x35, 0xef, 0x2f, 0x91, 0xa7, 0x28, 0x80, 0x48, 0x5d,
    0x0e, 0x10, 0x51, 0xf2, 0x90, 0xaf, 0x79, 0xee, 0x82, 0xc9, 0x10, 0xb9, 0x20, 0xe9, 0xfb, 0x02,
    0x19, 0x50, 0xef, 0xe8, 0x88, 0x27, 0x79, 0x15, 0xb3, 0xbd, 0x64, 0xde, 0x27, 0x88, 0xa2, 0x99,
    0x38, 0xda, 0xe1, 0x6e, 0x48, 0x60, 0x9e, 0x42, 0xc8, 0xd3, 0x03, 0x37, 0xdf, 0x5c, 0x81, 0x28,
    0xac, 0x51, 0x0a, 0x7f, 0x63, 0x22, 0x24, 0x48, 0xfa, 0x4a, 0x80, 0xfa, 0x33, 0x24, 0x50, 0xca,
    0x0a, 0xcb, 0x53, 0x42, 0xa4, 0x44, 0x25, 0x45, 0x3a, 0x21, 0xe1, 0x73, 0x36, 0x24, 0x30, 0x4f,
    0xa3, 0x6a, 0x3c, 0x01, 0xbf, 0x6f, 0xdf, 0xbe, 0x1d, 0x07, 0xbd, 0xcb, 0x90, 0xaf, 0x31, 0x01,
    0xa6, 0xfa, 0x72, 0xce, 0xbf, 0xc4, 0x49, 0xdf, 0x3f, 0x92, 0x00, 0xf5, 0x07, 0x6c, 0x12, 0x3e,
    0x64, 0xee, 0xb5, 0x25, 0x4f, 0x91, 0xdf, 0x27, 0x44, 0x8a, 0x30, 0x34, 0xfe, 0x05, 0x14, 0xb6,
    0xa7, 0x95, 0xe0, 0xed, 0x6a, 0x3c, 0x41, 0x8d, 0x7a, 0x33, 0xea, 0xbb, 0x0e, 0xf9, 0x1a, 0x13,
    0x7a, 0x6e, 0x19, 0x85, 0x93, 0xbe, 0x17, 0xeb, 0x03, 0x75, 0xe4, 0x33, 0x08, 0x28, 0x79, 0xc5,
    0xe5, 0x69, 0x26, 0x52, 0x82, 0x28, 0x82, 0xb7, 0x37, 0x36, 0xd5, 0x5f, 0x80, 0x3e, 0x27, 0xcf,
    0xfa, 0x1f, 0xff, 0x20, 0x75, 0x67, 0x79, 0xfd, 0x34, 0x27, 0xea, 0x8c, 0x89, 0xd6, 0xa5, 0xc6,
    0x79, 0xaa, 0x0f, 0x94, 0x51, 0x6e, 0x41, 0xd2, 0xf7, 0x7b, 0x47, 0x6a, 0x03, 0xf5, 0x03, 0xc4,
    0x93, 0xc6, 0x80, 0xa7, 0x91, 0x26, 0xb7, 0x1e, 0xa8, 0x92, 0x12, 0x69, 0x5f, 0xed, 0x0e, 0x14,
    0x2c, 0xa0, 0xa6, 0xdc, 0xf5, 0x09, 0x14, 0x50, 0x67, 0xca, 0xfd, 0xbd, 0x54, 0x80, 0x16, 0x6f,
    0x60, 0x70, 0xef, 0xef, 0x5e, 0x82, 0xdb, 0x0d, 0x07, 0xbb, 0x05, 0x49, 0xdf, 0x17, 0xea, 0x02,
    0xf5, 0x0e, 0x8b, 0x84, 0x0f, 0xa7, 0x7b, 0x8a, 0xdc, 0x85, 0x80, 0x03, 0x84, 0x42, 0xa4, 0x6a,
    0x85, 0xbe, 0x81, 0x0a, 0x28, 0xee, 0x3c, 0x49, 0x72, 0x00, 0x0a, 0xa8, 0xca, 0x3c, 0x41, 0xf7,
    0x7c, 0xc7, 0xe6, 0x2e, 0x51, 0xb0, 0x8c, 0xca, 0xed, 0x46, 0x95, 0xfb, 0x12, 0x12, 0x47, 0x47,
    0x02, 0x1d, 0xa3, 0x32, 0x32, 0xe4, 0x6e, 0x84, 0x48, 0xfb, 0x6a, 0x3b, 0xe6, 0x70, 0xc4, 0x9c,
    0x67, 0x01, 0x35, 0x8d, 0xd6, 0xc9, 0xfb, 0xe7, 0xaa, 0x16, 0x50, 0xf3, 0xa4, 0x0f, 0x2d, 0x4d,
    0x9f, 0xf3, 0x76, 0xc3, 0xd0, 0x0b, 0x86, 0x35, 0x7d, 0x09, 0x89, 0x9b, 0x23, 0xd1, 0x99, 0x74,
    0x2f, 0x91, 0xf6, 0x09, 0xa2, 0x6a, 0xed, 0xd1, 0x85, 0x09, 0x9f, 0xcb, 0x9d, 0x27, 0xc9, 0x00,
    0x02, 0x75, 0xdf, 0xcd, 0x75, 0x02, 0x48, 0x14, 0xf2, 0x0b, 0x78, 0xaa, 0x27, 0xea, 0x46, 0xf9,
    0xe6, 0x86, 0x5e, 0xe0, 0x4b, 0x3c, 0x5f, 0x0b, 0xa8, 0xbf, 0xa6, 0x76, 0x24, 0x3a, 0xc7, 0x53,
    0xe4, 0xf6, 0x19, 0x82, 0xa8, 0x8a, 0x09, 0x1f, 0x72, 0xcc, 0x43, 0xee, 0xf9, 0x1e, 0x68, 0xe9,
    0xd6, 0x14, 0x28, 0xe8, 0x9d, 0x63, 0x89, 0x92, 0x39, 0xef, 0x27, 0xc9, 0x4f, 0xfa, 0xe4, 0xb2,
    0x79, 0x09, 0xa9, 0x44, 0xa0, 0x34, 0x5a, 0x9e, 0x3a, 0x52, 0x3e, 0x25, 0xd2, 0x3e, 0x41, 0x54,
    0x9d, 0x84, 0x8f, 0xab, 0x63, 0x3e, 0x9d, 0x2d, 0x15, 0xaf, 0xae, 0x40, 0x21, 0x89, 0x42, 0x73,
    0x0c, 0x3e, 0xef, 0x73, 0x90, 0x40, 0xd2, 0xe7, 0xd7, 0xb2, 0xce, 0x25, 0x3e, 0x96, 0x79, 0x37,
    0x79, 0x8a, 0xad, 0x09, 0x81, 0x4b, 0x55, 0x87, 0xcf, 0xe5, 0xcf, 0x93, 0xa4, 0x01, 0x8b, 0xef,
    0x81, 0x9a, 0x40, 0xdd, 0xb7, 0xef, 0x7e, 0x8f, 0x7f, 0xce, 0x87, 0x93, 0xbe, 0xac, 0xd3, 0x57,
    0x26, 0x51, 0xb9, 0x40, 0x7d, 0x85, 0x56, 0xa0, 0x30, 0x4f, 0x86, 0x2c, 0x0b, 0xa2, 0x56, 0x76,
    0xd3, 0x3b, 0xdf, 0x84, 0xcf, 0x4d, 0x9c, 0xff, 0xb2, 0x53, 0xc7, 0xe2, 0x8b, 0x8d, 0x3e, 0x9c,
    0xf3, 0x29, 0x3d, 0xfe, 0x49, 0x9f, 0x39, 0x96, 0x6b, 0x58, 0xe7, 0x79, 0x40, 0x5d, 0xc7, 0x02,
    0x45, 0xc5, 0x93, 0xd6, 0x4d, 0x9e, 0x62, 0xb3, 0x4f, 0x10, 0xb3, 0xbc, 0xa5, 0xcb, 0xd3, 0xe1,
    0x9b, 0xeb, 0x93, 0x64, 0x38, 0xf5, 0x33, 0x3e, 0x98, 0xf3, 0x9d, 0x43, 0x27, 0x50, 0xf0, 0x3f,
    0xfc, 0x32, 0xcc, 0x6b, 0xef, 0x16, 0x77, 0x77, 0xa5, 0x42, 0x81, 0x52, 0xe8, 0x78, 0x1a, 0xc9,
    0x1d, 0x0d, 0x45, 0x10, 0xb5, 0x3c, 0xc0, 0x90, 0x00, 0xcf, 0x84, 0x6f, 0x9a, 0x5c, 0x2d, 0x20,
    0xe3, 0xbb, 0xb7, 0x36, 0x50, 0xf7, 0xed, 0xbb, 0xac, 0x1a, 0xdc, 0x8b, 0x28, 0x94, 0xf4, 0xd9,
    0x39, 0xe7, 0x8a, 0x15, 0x4b, 0x54, 0x0e, 0x50, 0xef, 0x7c, 0x86, 0xce, 0x32, 0xef, 0x36, 0x4f,
    0x82, 0xa8, 0x2a, 0x8e, 0x84, 0xb3, 0x69, 0x73, 0x6c, 0xe9, 0xa6, 0x3e, 0xf1, 0x35, 0xb3, 0x7e,
    0xc6, 0x07, 0x7d, 0x3e, 0x5c, 0x44, 0x4d, 0x7a, 0xdc, 0x2f, 0x0c, 0x05, 0x33, 0x7d, 0x76, 0x75,
    0x89, 0x92, 0x98, 0x0b, 0x14, 0xe2, 0x49, 0x93, 0x65, 0x41, 0xd4, 0xea, 0x46, 0x6f, 0x07, 0x9c,
    0xca, 0xc2, 0x2d, 0xe1, 0x9b, 0xa6, 0x7e, 0xd6, 0x87, 0xe7, 0x48, 0x80, 0x82, 0x45, 0x54, 0x03,
    0xae, 0x04, 0x3a, 0x9f, 0xd9, 0x37, 0x3d, 0xbd, 0xb2, 0x44, 0x65, 0x81, 0x7a, 0x9e, 0x4e, 0xa0,
    0xe8, 0xf5, 0x29, 0x7d, 0x0f, 0x68, 0x41, 0x28, 0x82, 0x28, 0x7e, 0xb1, 0x8b, 0x1c, 0x89, 0x49,
    0x23, 0x3c, 0xc9, 0xf6, 0x65, 0x32, 0xa0, 0xde, 0x44, 0xae, 0x04, 0x77, 0xa0, 0xe0, 0xd6, 0x28,
    0x75, 0x33, 0xeb, 0x4b, 0x60, 0x89, 0xba, 0x5e, 0x01, 0x28, 0x3a, 0x81, 0xc2, 0x3c, 0x50, 0x34,
    0x5f, 0x75, 0xd7, 0xf5, 0x7b, 0xf6, 0xb2, 0x18, 0xfa, 0xee, 0x44, 0xa1, 0x23, 0x4a, 0xf4, 0xa3,
    0x4a, 0x8e, 0x39, 0xe2, 0xe8, 0x48, 0xb8, 0x8b, 0x3f, 0xec, 0x32, 0x81, 0x27, 0x01, 0x5d, 0x09,
    0x73, 0xc4, 0x7b, 0x9c, 0x6f, 0xee, 0x4b, 0x64, 0x6f, 0x10, 0x28, 0x92, 0x28, 0x29, 0xdf, 0xe2,
    0x23, 0x17, 0x28, 0x3a, 0xbf, 0x5c, 0x71, 0xad, 0xf8, 0x04, 0xde, 0x65, 0xe1, 0xf8, 0x21, 0xdd,
    0x18, 0x92, 0x20, 0xaa, 0x20, 0x40, 0x33, 0xd3, 0xe5, 0xe6, 0x48, 0x4c, 0x17, 0x7e, 0x98, 0xa1,
    0xbe, 0x4d, 0x0a, 0x94, 0xce, 0xdf, 0x37, 0x9f, 0xf9, 0x12, 0xd9, 0x79, 0x89, 0x82, 0x2a, 0x4a,
    0x62, 0x2c, 0x50, 0x74, 0x3c, 0x69, 0xae, 0x67, 0x56, 0x0f, 0x6b, 0x42, 0xd7, 0x8f, 0x12, 0x73,
    0x7d, 0x25, 0x33, 0x12, 0x7a, 0x33, 0x3c, 0x21, 0xa0, 0xee, 0x25, 0x02, 0xea, 0x5c, 0xd8, 0x0c,
    0x50, 0x70, 0xe2, 0x3e, 0x67, 0x5e, 0xa2, 0x40, 0xa2, 0x32, 0x40, 0x51, 0xf5, 0xa0, 0x28, 0xe7,
    0x23, 0x94, 0x5a, 0x3c, 0x99, 0x26, 0x38, 0x44, 0x9e, 0x6a, 0x0a, 0x49, 0x10, 0x95, 0x6f, 0x99,
    0xc3, 0x19, 0x09, 0xbf, 0x19, 0x9e, 0x56, 0x00, 0x28, 0xb8, 0xd7, 0x10, 0x58, 0xe7, 0xf9, 0x12,
    0xf5, 0xb9, 0x65, 0x40, 0xfd, 0x01, 0x8d, 0x40, 0xc1, 0xfd, 0x1a, 0x34, 0xf3, 0x46, 0xa1, 0x6a,
    0xd6, 0x0b, 0x57, 0x11, 0x44, 0x71, 0x10, 0x28, 0x9b, 0xd7, 0x8c, 0x84, 0x9b, 0x57, 0xb0, 0x5d,
    0xa6, 0x49, 0xf9, 0xb4, 0x06, 0x80, 0x1a, 0x42, 0xeb, 0x7c, 0x67, 0x98, 0x2f, 0x51, 0x2f, 0x2e,
    0x01, 0xea, 0xaf, 0x29, 0x04, 0x0a, 0x5d, 0xce, 0x49, 0x63, 0x15, 0xb8, 0x35, 0x79, 0x32, 0x55,
    0x8a, 0x32, 0x4a, 0x16, 0x43, 0x48, 0x45, 0x02, 0xc5, 0xcb, 0x32, 0x9f, 0x4a, 0x4c, 0x81, 0xd2,
    0x9a, 0x70, 0xf9, 0xa2, 0x9d, 0x51, 0x7e, 0x4e, 0x77, 0x17, 0x9d, 0x0a, 0xf6, 0xd7, 0xe5, 0x40,
    0x7d, 0x9e, 0x62, 0x8a, 0x8f, 0xba, 0x01, 0xa5, 0xd9, 0xf1, 0x8d, 0x40, 0x9e, 0x53, 0x1e, 0x71,
    0x66, 0x18, 0xb8, 0x34, 0xbb, 0x39, 0x84, 0x79, 0xde, 0xac, 0x40, 0x4d, 0xf3, 0xaf, 0x72, 0xdb,
    0x21, 0xed, 0x43, 0x29, 0x4d, 0x01, 0x05, 0x47, 0xfa, 0x1c, 0xb3, 0xb7, 0xf8, 0xab, 0x6b, 0x08,
    0x96, 0x77, 0x4a, 0x81, 0xfa, 0x33, 0x8a, 0x31, 0x73, 0x4a, 0xc3, 0x5c, 0x96, 0xf5, 0x28, 0xe3,
    0x73, 0xac, 0xa5, 0xb1, 0x1d, 0x79, 0x81, 0xae, 0x21, 0x0b, 0xf3, 0x7c, 0x45, 0x04, 0xca, 0xcd,
    0xff, 0x81, 0xfa, 0x39, 0xb2, 0x49, 0x89, 0x33, 0x41, 0x13, 0x93, 0x12, 0x33, 0xeb, 0xdc, 0x37,
    0x33, 0x12, 0x25, 0x23, 0x89, 0xfa, 0x41, 0x19, 0x50, 0x6f, 0xd0, 0x08, 0x14, 0xdc, 0x50, 0x48,
    0x35, 0xc1, 0x00, 0x8e, 0xbf, 0x45, 0x79, 0x9c, 0x65, 0x8d, 0xd5, 0xf2, 0x18, 0x5b, 0x16, 0x16,
    0x29, 0x5f, 0xa1, 0xdd, 0xc3, 0x2b, 0xca, 0xa8, 0x86, 0x04, 0x6a, 0x5a, 0xf4, 0x13, 0x09, 0x76,
    0x6f, 0xa0, 0xd1, 0x23, 0xa7, 0x89, 0x59, 0xbe, 0xa4, 0x44, 0xd9, 0xf9, 0x12, 0xf5, 0x46, 0x09,
    0x50, 0x3f, 0x20, 0x17, 0x28, 0x5a, 0x43, 0x62, 0x06, 0x14, 0xd0, 0x27, 0x75, 0x79, 0x58, 0xb8,
    0x5f, 0x45, 0x07, 0x14, 0x36, 0x26, 0x04, 0x45, 0x4d, 0x08, 0xd4, 0xb4, 0x70, 0xe1, 0x80, 0x0d,
    0xf0, 0xf7, 0x12, 0x94, 0x50, 0xf8, 0x9c, 0x96, 0x5e, 0xaf, 0x4d, 0x89, 0x42, 0xb8, 0x7c, 0xa5,
    0x04, 0x28, 0x8a, 0xa6, 0x2e, 0xa5, 0x21, 0x31, 0x03, 0xca, 0xab, 0xc4, 0x13, 0x20, 0x4a, 0x65,
    0x00, 0x94, 0x30, 0x26, 0x9a, 0x12, 0x28, 0xb7, 0xf0, 0x47, 0x1a, 0x44, 0xae, 0x44, 0x64, 0xf2,
    0xc9, 0x0d, 0x01, 0x85, 0x24, 0xea, 0xdc, 0x30, 0xd7, 0x96, 0xf8, 0x4c, 0x31, 0x50, 0x9f, 0x27,
    0xf7, 0xcc, 0xa9, 0x0b, 0xa8, 0x18, 0x28, 0xb5, 0x1a, 0x4f, 0x20, 0xeb, 0xf3, 0x18, 0x00, 0x25,
    0xca, 0xa8, 0x74, 0x4c, 0x39, 0x09, 0x94, 0x5b, 0xb2, 0x72, 0x5c, 0x82, 0x22, 0xea, 0xde, 0x68,
    0x36, 0x76, 0xb7, 0xd7, 0xa0, 0x44, 0x65, 0x7b, 0x51, 0x0a, 0x02, 0xe6, 0x0f, 0x0a, 0x81, 0xfa,
    0xb2, 0x0b, 0x22, 0x24, 0x4e, 0xf8, 0x64, 0x16, 0x40, 0x55, 0x14, 0x28, 0x20, 0x51, 0x0e, 0x03,
    0xa0, 0xf0, 0xc4, 0x84, 0x00, 0x29, 0x8a, 0x97, 0x39, 0x09, 0xd4, 0xb4, 0x74, 0xed, 0x04, 0xf5,
    0x37, 0x44, 0x81, 0x2b, 0x03, 0x54, 0x99, 0xf3, 0x51, 0x97, 0xe9, 0xd0, 0x94, 0x5f, 0x38, 0xd9,
    0x9d, 0x86, 0x48, 0xa2, 0xfe, 0xac, 0x08, 0xa8, 0x37, 0x20, 0x4f, 0xae, 0x46, 0xe8, 0x98, 0xd3,
    0x9f, 0x20, 0x01, 0x81, 0x0a, 0x96, 0x1a, 0x12, 0xa9, 0x9c, 0x8f, 0x1a, 0x28, 0x59, 0x13, 0x49,
    0x9f, 0x94, 0x98, 0xe2, 0x03, 0x43, 0x12, 0xec, 0x05, 0x6a, 0xba, 0x64, 0x16, 0xb7, 0xf6, 0xbc,
    0x39, 0x9c, 0x35, 0xd7, 0x79, 0x1f, 0x6f, 0x9e, 0xe9, 0x45, 0xe5, 0x4c, 0xf4, 0x65, 0x9d, 0xf3,
    0x24, 0x50, 0x7f, 0x82, 0x80, 0x92, 0xc9, 0x0a, 0x28, 0x06, 0x5b, 0xa0, 0x20, 0x50, 0x5e, 0x0e,
    0x50, 0xa0, 0xf1, 0x94, 0x07, 0xd4, 0x36, 0x13, 0xa0, 0x64, 0x91, 0xf4, 0x25, 0x36, 0xbe, 0xc3,
    0x29, 0xbe, 0xb0, 0xc1, 0x7c, 0x0f, 0x7f, 0xcc, 0xd7, 0xde, 0xb3, 0x1b, 0x9f, 0xd1, 0xa2, 0x34,
    0xc6, 0x13, 0x1a, 0x97, 0xf0, 0x82, 0xc9, 0x52, 0x5b, 0x22, 0x09, 0xd4, 0x5f, 0x40, 0x9e, 0x74,
    0xc2, 0x84, 0x8f, 0xc1, 0x16, 0xdd, 0x02, 0xa0, 0x9c, 0xc1, 0x60, 0x90, 0x83, 0x14, 0x2b, 0xa0,
    0x14, 0x91, 0xf4, 0xc5, 0x71, 0x09, 0x8d, 0x99, 0x0f, 0x1b, 0xd5, 0x27, 0xb8, 0x7c, 0x9c, 0x9a,
    0x12, 0xf5, 0x40, 0x7c, 0xa2, 0x44, 0x73, 0x19, 0x5f, 0x34, 0xd1, 0xa7, 0xca, 0xcb, 0xa6, 0x25,
    0xa4, 0xc5, 0x8c, 0x4f, 0x69, 0x2b, 0xe1, 0x2b, 0x02, 0x0a, 0xf2, 0x04, 0x88, 0xe2, 0x06, 0x94,
    0x48, 0xfa, 0x66, 0x61, 0x9b, 0x2a, 0xfb, 0x31, 0xf3, 0xe9, 0xf2, 0xf5, 0x53, 0x57, 0xa2, 0xf6,
    0x45, 0x02, 0x25, 0x37, 0xc8, 0x53, 0x6f, 0x88, 0xf6, 0x45, 0xe9, 0xb9, 0xb6, 0xc4, 0x3b, 0xb9,
    0x40, 0xfd, 0x3e, 0xa9, 0x25, 0xc1, 0xc2, 0xe1, 0x2b, 0x04, 0x0a, 0xf3, 0x94, 0x43, 0x14, 0x33,
    0xa0, 0xe0, 0x08, 0x92, 0x68, 0xef, 0xa2, 0x93, 0x24, 0xe0, 0x46, 0x5d, 0xbf, 0xd9, 0x7c, 0x6f,
    0x76, 0x9b, 0xcd, 0x03, 0xb5, 0x2c, 0xbe, 0x50, 0x6e, 0x6a, 0xee, 0x28, 0x29, 0x51, 0x6a, 0xb6,
    0xb9, 0x1b, 0x2e, 0x4c, 0x4b, 0x24, 0x80, 0xfa, 0x26, 0x61, 0xc6, 0xc7, 0xc4, 0xe1, 0x2b, 0x04,
    0x6a, 0x10, 0x07, 0x37, 0xa0, 0x44, 0xd2, 0x37, 0x6b, 0xea, 0x3a, 0x9a, 0x72, 0xa9, 0x69, 0x7d,
    0xc2, 0xf7, 0xad, 0xd5, 0xb8, 0x7e, 0x03, 0x5e, 0xbe, 0xa1, 0xca, 0xcd, 0x5a, 0x12, 0xd1, 0xbe,
    0x28, 0x37, 0xdb, 0xdc, 0xd5, 0x16, 0x5a, 0x51, 0x73, 0xa0, 0x3e, 0x4f, 0x9c, 0xf1, 0x29, 0x8c,
    0x6e, 0x54, 0xcb, 0x03, 0xca, 0x99, 0x01, 0xe5, 0x70, 0x03, 0x4a, 0x16, 0xdb, 0x77, 0xb1, 0x4e,
    0x40, 0xcf, 0xdc, 0x6d, 0x81, 0x27, 0x78, 0x63, 0x75, 0xe5, 0x0b, 0xa2, 0x1e, 0x80, 0xd7, 0x43,
    0xa1, 0x65, 0xda, 0xac, 0x40, 0xc1, 0xad, 0xbb, 0x5a, 0xd6, 0x39, 0x5f, 0x6c, 0x45, 0x49, 0xd4,
    0x4d, 0x28, 0x74, 0x69, 0x0d, 0x8b, 0xa3, 0xfc, 0x8d, 0x3c, 0xa0, 0x06, 0x83, 0x22, 0xa2, 0x22,
    0xa0, 0x0c, 0x46, 0xc7, 0x20, 0x09, 0xa0, 0x80, 0x89, 0xc5, 0xda, 0x33, 0x77, 0xab, 0x1f, 0x63,
    0xb1, 0xf3, 0x66, 0x45, 0xa2, 0xf6, 0x81, 0x84, 0x4f, 0x6f, 0x41, 0xa0, 0x50, 0x73, 0x17, 0xd8,
    0x12, 0x2f, 0xe7, 0xd9, 0x12, 0x3f, 0xc8, 0x01, 0xea, 0x9b, 0x84, 0x4d, 0x28, 0x99, 0xc9, 0xa1,
    0xcb, 0x86, 0x91, 0x0b, 0x14, 0x12, 0xa8, 0x0d, 0x10, 0xc5, 0x40, 0x19, 0x86, 0xf0, 0x25, 0xd8,
    0x59, 0x12, 0x61, 0x2b, 0x3c, 0xc1, 0x1b, 0x03, 0x40, 0x19, 0x75, 0x5f, 0x45, 0x9e, 0xd0, 0x3d,
    0x01, 0x8d, 0x0b, 0x14, 0x74, 0xce, 0x73, 0x6c, 0x89, 0x85, 0x9c, 0x4f, 0x4a, 0x67, 0x7c, 0x46,
    0x4b, 0x8e, 0x84, 0x51, 0x00, 0x54, 0x84, 0x13, 0x46, 0xca, 0x29, 0x00, 0x8a, 0x01, 0x52, 0xc2,
    0x97, 0xe0, 0x60, 0x49, 0x4c, 0xeb, 0xfc, 0x78, 0xc3, 0xbb, 0x5c, 0x81, 0x28, 0x90, 0xef, 0x9d,
    0x39, 0x87, 0xa6, 0x62, 0xc1, 0x75, 0x06, 0x4d, 0x03, 0x05, 0x6d, 0x09, 0x2b, 0x63, 0x4b, 0x18,
    0xe9, 0x9c, 0x4f, 0xa2, 0xcc, 0xf8, 0x90, 0x65, 0xce, 0x04, 0xa7, 0x3c, 0xa0, 0x9c, 0x19, 0x4e,
    0x90, 0xa8, 0x62, 0xa0, 0xa8, 0x91, 0x12, 0x12, 0x05, 0xc6, 0xf8, 0xe0, 0xe1, 0x96, 0xed, 0xe8,
    0x13, 0xfa, 0x60, 0xf6, 0x40, 0xd6, 0xb7, 0xc4, 0xeb, 0xbb, 0x17, 0xf2, 0x14, 0x5d, 0xcd, 0xee,
    0x36, 0xce, 0x13, 0xb4, 0x25, 0xc0, 0xcc, 0xb9, 0x52, 0xea, 0xf3, 0x49, 0x94, 0x19, 0x1f, 0x14,
    0x28, 0x85, 0x09, 0x4e, 0x79, 0x40, 0x21, 0x9e, 0x3c, 0x18, 0x59, 0xa2, 0xd2, 0x40, 0x19, 0x42,
    0xa2, 0x58, 0x4c, 0x49, 0x4c, 0xda, 0xe2, 0x09, 0x13, 0x75, 0xa6, 0xf4, 0x2e, 0xf8, 0x07, 0xee,
    0x03, 0x7e, 0x84, 0x89, 0xf5, 0xa9, 0x91, 0xc3, 0x24, 0x72, 0x06, 0xfa, 0xf4, 0xff, 0x9d, 0x99,
    0x96, 0x48, 0xe7, 0x7c, 0x12, 0x5d, 0xc6, 0x87, 0x8e, 0x91, 0x60, 0xc4, 0x53, 0x16, 0x28, 0x24,
    0x50, 0x5e, 0x14, 0xe0, 0x2f, 0xcb, 0x80, 0xa2, 0x44, 0x4a, 0x59, 0xf7, 0x9d, 0x51, 0xda, 0x00,
    0x1c, 0x79, 0xc3, 0xd0, 0x92, 0x98, 0x12, 0xb8, 0x5b, 0xaa, 0x09, 0xdc, 0xf3, 0x42, 0xa4, 0x80,
    0x3c, 0xed, 0xbb, 0x1c, 0x44, 0xa3, 0x71, 0xca, 0xb0, 0x0d, 0xa0, 0xc0, 0xb9, 0xcc, 0x56, 0xe6,
    0x14, 0x59, 0x23, 0xd5, 0xdb, 0x95, 0xe8, 0xba, 0xba, 0x78, 0x21, 0x32, 0xe1, 0x09, 0x14, 0xc4,
    0x8b, 0x40, 0x25, 0x79, 0x82, 0x40, 0x0d, 0x72, 0x80, 0x62, 0x45, 0xd4, 0xba, 0x4b, 0x14, 0x6a,
    0x42, 0xe9, 0xad, 0xe9, 0x53, 0xec, 0x9e, 0x5f, 0x3e, 0x93, 0x8f, 0xd4, 0x03, 0x10, 0xa7, 0xfb,
    0xcf, 0x79, 0x5a, 0xf4, 0x8e, 0xfc, 0x36, 0x78, 0x82, 0xd3, 0x12, 0xae, 0x39, 0xd0, 0xca, 0x72,
    0x3e, 0x89, 0x6a, 0x8e, 0x8f, 0xba, 0x82, 0x4a, 0xe0, 0x94, 0x05, 0x2a, 0x25, 0x50, 0x19, 0x89,
    0x8a, 0x81, 0x4a, 0x20, 0x25, 0xba, 0xbb, 0xe4, 0x19, 0xdf, 0x36, 0xd3, 0x26, 0x94, 0x4b, 0x7a,
    0xae, 0xa3, 0x63, 0xbe, 0x0d, 0x2a, 0xa9, 0x7d, 0xf7, 0xdd, 0x9b, 0xa1, 0x69, 0xdf, 0x99, 0x1d,
    0x90, 0xee, 0x45, 0xaf, 0xc8, 0xed, 0xb5, 0x13, 0xb9, 0xad, 0x28, 0x2d, 0x39, 0xcf, 0x17, 0x01,
    0x75, 0x9d, 0xac, 0xab, 0x4b, 0x5b, 0x41, 0xa5, 0x78, 0xca, 0x00, 0x05, 0x1d, 0x3e, 0x2f, 0x05,
    0x54, 0xb2, 0x8a, 0x9a, 0x03, 0xa5, 0x30, 0x29, 0xa4, 0xd6, 0x5b, 0xa2, 0xb4, 0x0d, 0x96, 0x4d,
    0xa8, 0x29, 0x39, 0xd8, 0x60, 0x11, 0x20, 0x95, 0x02, 0x50, 0xdd, 0x77, 0x2f, 0x8c, 0xfb, 0xd0,
    0xdf, 0xec, 0xbb, 0x7f, 0xc7, 0xb4, 0x66, 0x9f, 0x78, 0xd3, 0x96, 0x78, 0xc2, 0xad, 0xa8, 0xc5,
    0x9c, 0x4f, 0x49, 0x1e, 0x2d, 0x21, 0x25, 0x77, 0x6e, 0x34, 0x5d, 0x41, 0xa5, 0x70, 0xca, 0x00,
    0xe5, 0x54, 0x07, 0x8a, 0x85, 0x48, 0x29, 0x6b, 0x6d, 0xf4, 0x31, 0xcd, 0xf8, 0x5c, 0xaa, 0xdb,
    0xce, 0xc1, 0x7d, 0x4c, 0x3b, 0x6f, 0x9f, 0x79, 0x73, 0xdf, 0x3c, 0xce, 0xdc, 0x7f, 0x19, 0x6c,
    0x94, 0x9b, 0xbf, 0x9d, 0xb0, 0x2d, 0x9e, 0xca, 0x72, 0xbe, 0xaf, 0xa4, 0x80, 0xfa, 0x32, 0x59,
    0xc6, 0x47, 0x27, 0x50, 0x0b, 0x3c, 0x2d, 0x02, 0x35, 0xc8, 0x01, 0x6a, 0x50, 0x00, 0x14, 0x0b,
    0x91, 0x5a, 0xe7, 0x71, 0x09, 0xa6, 0x19, 0x9f, 0x4b, 0xf9, 0xbb, 0x18, 0x8a, 0xaf, 0x06, 0xe6,
    0xce, 0xe5, 0xb7, 0xef, 0x87, 0xf1, 0xf6, 0xce, 0x39, 0xb0, 0x2a, 0xc2, 0x44, 0xf6, 0xa0, 0xf7,
    0xda, 0x0b, 0x94, 0xf3, 0x4d, 0x4b, 0xf6, 0xed, 0x4a, 0x34, 0xa6, 0x39, 0x5d, 0x05, 0xb5, 0xc8,
    0xd3, 0x02, 0x50, 0x0e, 0x6e, 0xea, 0x2e, 0x00, 0xe5, 0x14, 0x01, 0x45, 0x4f, 0xd4, 0x3a, 0xf7,
    0xa2, 0x80, 0xc7, 0xc7, 0x2c, 0xe3, 0x9b, 0x30, 0xe0, 0x5b, 0x01, 0xf7, 0x46, 0xd8, 0x70, 0x67,
    0xa9, 0xa3, 0xbe, 0xe5, 0x87, 0x8a, 0x9c, 0x1c, 0xb5, 0x6c, 0x93, 0x27, 0x98, 0xf3, 0x65, 0x7d,
    0xbe, 0xa4, 0x71, 0x2e, 0x25, 0x4c, 0x73, 0xb9, 0xd1, 0x29, 0xbe, 0x45, 0x9c, 0x2a, 0x00, 0x95,
    0x1a, 0x3a, 0x5f, 0x04, 0x8a, 0x9e, 0xa8, 0x35, 0x96, 0xa8, 0x09, 0xbb, 0x8c, 0x6f, 0xc2, 0x4c,
    0x35, 0xc1, 0x12, 0x81, 0xff, 0x5b, 0x78, 0x27, 0xad, 0xf2, 0x84, 0x73, 0xbe, 0xc5, 0xde, 0xae,
    0x9c, 0x30, 0xce, 0xa5, 0xb9, 0x69, 0xee, 0x36, 0x3a, 0xc5, 0x97, 0xe5, 0x29, 0x0d, 0x14, 0x1e,
    0x33, 0x4f, 0xf7, 0xa1, 0x52, 0x23, 0xb2, 0x19, 0xa0, 0xa8, 0x89, 0xd2, 0xd6, 0x77, 0xe8, 0xdc,
    0x82, 0x5d, 0x5d, 0xb7, 0x53, 0x3c, 0x15, 0x44, 0xbb, 0x3c, 0xc1, 0x9c, 0x0f, 0x0e, 0x11, 0x17,
    0x17, 0x51, 0x12, 0xb9, 0x69, 0x8e, 0xba, 0xa1, 0x0c, 0x79, 0x2a, 0x00, 0x6a, 0x23, 0xc5, 0xd3,
    0x5c, 0xa2, 0xb2, 0x40, 0xd1, 0x12, 0x65, 0xac, 0xad, 0x44, 0x01, 0xb7, 0x9a, 0xd1, 0xde, 0xf7,
    0xbd, 0xce, 0x13, 0xea, 0xed, 0x66, 0xe6, 0xf9, 0x12, 0x45, 0x14, 0x06, 0x8a, 0xe8, 0xb8, 0x23,
    0x9a, 0x7d, 0x50, 0x79, 0x3c, 0xa5, 0x80, 0x8a, 0xf7, 0x41, 0x25, 0x67, 0xf9, 0xd2, 0xbb, 0x38,
    0x72, 0x80, 0xa2, 0x25, 0x6a, 0x6d, 0xa7, 0x25, 0x74, 0x0f, 0x1c, 0xc7, 0xa7, 0x0b, 0x9e, 0x2a,
    0xce, 0xf3, 0x6d, 0xaa, 0x46, 0x8e, 0x71, 0xfe, 0x99, 0x39, 0x50, 0x6f, 0x90, 0x95, 0x50, 0xe4,
    0x96, 0x44, 0x2e, 0x4f, 0xb9, 0x40, 0x0d, 0x16, 0x79, 0x9a, 0x49, 0x54, 0x1e, 0x50, 0x94, 0x44,
    0xad, 0xad, 0x73, 0x3e, 0x64, 0xb4, 0x73, 0x63, 0xef, 0xf3, 0x04, 0xe7, 0xf9, 0xc0, 0x1e, 0x0e,
    0x6d, 0x71, 0xc4, 0x03, 0xc6, 0x1b, 0x33, 0xa0, 0x88, 0xba, 0x50, 0x14, 0x96, 0x44, 0x3e, 0x4f,
    0xf9, 0x40, 0x45, 0x48, 0x25, 0xf6, 0x19, 0x3a, 0x25, 0x40, 0x51, 0x0e, 0x9f, 0xaf, 0x69, 0xce,
    0x07, 0xf6, 0xea, 0xfe, 0x1b, 0x8b, 0x9d, 0x1b, 0xeb, 0xc0, 0x13, 0xdc, 0xc3, 0x91, 0x1d, 0x96,
    0x08, 0x21, 0x40, 0x5f, 0x99, 0x01, 0x45, 0xd4, 0x85, 0x22, 0xb7, 0x24, 0x0a, 0x78, 0x4a, 0x02,
    0x05, 0xfc, 0xd2, 0x41, 0x41, 0x94, 0x03, 0x45, 0x47, 0xd4, 0x9a, 0xda, 0x12, 0x8c, 0x4c, 0xf3,
    0xb5, 0xe0, 0x29, 0x1a, 0x96, 0x58, 0xfc, 0xd5, 0x20, 0x41, 0x5f, 0x9e, 0x01, 0xf5, 0x4d, 0xc2,
    0x12, 0x8a, 0x4a, 0xa0, 0x94, 0x25, 0x40, 0x39, 0x45, 0x3c, 0x45, 0x44, 0x15, 0x00, 0x45, 0x45,
    0xd4, 0x9a, 0x0e, 0xf4, 0x85, 0x4c, 0x4c, 0xf3, 0xf5, 0xe0, 0x29, 0xdf, 0x38, 0xd7, 0x20, 0x41,
    0xdf, 0x8c, 0x81, 0x22, 0x3a, 0x90, 0x8f, 0x7c, 0x4a, 0xa2, 0x88, 0xa7, 0x45, 0xa0, 0x9c, 0x22,
    0x9e, 0xca, 0x81, 0xa2, 0x22, 0x6a, 0x3d, 0x73, 0x3e, 0x1b, 0x8c, 0xc9, 0x29, 0x53, 0xc1, 0x53,
    0xb5, 0xb8, 0x04, 0x8c, 0x73, 0x6f, 0x77, 0xc1, 0x95, 0x98, 0x15, 0x51, 0x10, 0xa8, 0xbf, 0x25,
    0x2a, 0xa1, 0x48, 0x2d, 0x09, 0xa3, 0x32, 0x50, 0x4e, 0x01, 0x4f, 0x4b, 0x80, 0x52, 0x28, 0x80,
    0x5a, 0xcb, 0x9c, 0x0f, 0x94, 0x50, 0xf4, 0x9b, 0xdf, 0xd7, 0x86, 0x27, 0x74, 0x3e, 0xdf, 0xce,
    0x22, 0x2e, 0x08, 0xa1, 0xcf, 0x47, 0x40, 0xfd, 0x8d, 0x0f, 0x22, 0x6c, 0x2a, 0xe3, 0x2b, 0xe4,
    0x29, 0x0b, 0x94, 0x93, 0x8b, 0x53, 0x0a, 0x28, 0x8d, 0x2d, 0x51, 0x6b, 0x99, 0xf3, 0x29, 0xa8,
    0x84, 0x62, 0xc7, 0x13, 0x1a, 0x6f, 0x00, 0xaf, 0x01, 0xbe, 0x6c, 0x79, 0xcf, 0xf1, 0x84, 0x8b,
    0x28, 0x2b, 0xcf, 0x95, 0xf8, 0xfd, 0x08, 0xa8, 0xef, 0x42, 0xa0, 0xf4, 0xfa, 0x1e, 0x9f, 0xc2,
    0x96, 0xa7, 0x1c, 0xa0, 0x52, 0x48, 0x39, 0x29, 0x9e, 0x96, 0x03, 0x65, 0x10, 0x1e, 0xd1, 0x27,
    0xaf, 0x61, 0x17, 0x8a, 0xb6, 0x84, 0x9a, 0xf3, 0x64, 0xc8, 0x9a, 0xaf, 0xce, 0x2e, 0x15, 0x57,
    0x6d, 0xdd, 0x60, 0x01, 0x55, 0x87, 0x78, 0x82, 0x45, 0x14, 0xe8, 0x44, 0xfd, 0x53, 0x81, 0x2b,
    0x01, 0x81, 0xfa, 0x24, 0x04, 0x4a, 0x6b, 0x26, 0xe3, 0x2b, 0xe1, 0x49, 0x99, 0x24, 0x6d, 0xf3,
    0xe2, 0x50, 0x97, 0x02, 0x45, 0x21, 0x51, 0xeb, 0x98, 0xf3, 0xf9, 0xd4, 0x5d, 0xa8, 0xc9, 0x7c,
    0xef, 0x05, 0xb8, 0xaa, 0xf5, 0xc6, 0x95, 0xa7, 0x5e, 0x7a, 0xf6, 0xe2, 0xc5, 0x8b, 0xcf, 0x3e,
    0xfb, 0xd4, 0xe3, 0x37, 0xc0, 0x1d, 0xaf, 0x2e, 0xf5, 0x67, 0x54, 0x97, 0x78, 0xca, 0xef, 0x44,
    0xcd, 0x5c, 0x09, 0x00, 0xd4, 0x1b, 0x90, 0x27, 0x5f, 0x69, 0x26, 0xe3, 0x2b, 0x01, 0x4a, 0x9b,
    0x14, 0x5c, 0x67, 0x53, 0x70, 0x3f, 0x14, 0x06, 0x8a, 0x31, 0x51, 0xca, 0x68, 0xed, 0x7a, 0xbb,
    0xe0, 0x78, 0x16, 0xca, 0xad, 0x1b, 0x6e, 0x8c, 0x93, 0x1b, 0x98, 0x57, 0x5e, 0xba, 0x78, 0x20,
    0x15, 0xcf, 0x3e, 0x9e, 0xdc, 0x1a, 0xb8, 0x07, 0x78, 0xc2, 0x5b, 0x38, 0x16, 0x4a, 0x24, 0x23,
    0x76, 0x25, 0x00, 0x50, 0x7f, 0x8b, 0x80, 0x6a, 0xa6, 0xab, 0x5b, 0xc6, 0x13, 0x21, 0x50, 0x8c,
    0xab, 0xa8, 0xf5, 0xf3, 0xf9, 0xc0, 0xbd, 0xba, 0x74, 0x83, 0x7c, 0xee, 0x0c, 0xa7, 0x9d, 0xa7,
    0x20, 0x4d, 0x0f, 0x1d, 0xbf, 0xe7, 0xb5, 0x47, 0x6f, 0x01, 0xf1, 0xe8, 0x6b, 0xf7, 0x1c, 0x47,
    0x4c, 0xdd, 0x00, 0x1a, 0x28, 0xef, 0x15, 0x9e, 0xe0, 0xdd, 0x6b, 0x96, 0x39, 0x2c, 0x70, 0x25,
    0x00, 0x50, 0x7f, 0x04, 0x79, 0x72, 0x9b, 0x99, 0xe3, 0x2b, 0x06, 0x4a, 0x23, 0x03, 0x4a, 0x67,
    0x4d, 0xd4, 0xfa, 0xcd, 0xf3, 0x69, 0xe8, 0x08, 0x66, 0x8a, 0xe9, 0x36, 0xbc, 0x22, 0x34, 0xe7,
    0xa3, 0xa7, 0x00, 0x3c, 0xc7, 0xef, 0xb9, 0xe5, 0xe3, 0xc9, 0xb8, 0xe5, 0xd1, 0xe3, 0x0f, 0x41,
    0xa4, 0x02, 0x5f, 0x6e, 0x99, 0xa7, 0xa1, 0x1b, 0xa2, 0x63, 0x0e, 0x60, 0xb5, 0x12, 0xba, 0x43,
    0xaa, 0x71, 0xbe, 0x6c, 0x6b, 0x17, 0xb9, 0x12, 0x7f, 0x82, 0x80, 0xfa, 0x2e, 0x81, 0xc9, 0x47,
    0x58, 0x42, 0x95, 0xf2, 0xa4, 0x4d, 0x09, 0x81, 0x2a, 0x26, 0x8a, 0x6c, 0x9e, 0x6f, 0xcd, 0x8a,
    0x28, 0x9d, 0xae, 0xad, 0x3b, 0xc4, 0xe7, 0xb8, 0xfa, 0xe6, 0x15, 0xa0, 0x4e, 0xc7, 0x1f, 0xfd,
    0x78, 0x36, 0x6e, 0xb9, 0x07, 0x20, 0xf5, 0xd2, 0x8e, 0x43, 0xf6, 0x49, 0xc5, 0x84, 0xa7, 0xe1,
    0x44, 0x5b, 0xfc, 0xe1, 0x60, 0x0b, 0xe3, 0x90, 0x61, 0x6b, 0x37, 0x76, 0x25, 0x00, 0x50, 0x5f,
    0x22, 0x31, 0xf9, 0x28, 0x32, 0xbe, 0x22, 0x9e, 0x74, 0x62, 0xa0, 0x34, 0x86, 0x12, 0xb5, 0x7e,
    0xc6, 0xb9, 0x0b, 0x3d, 0x09, 0xf2, 0x13, 0x2e, 0x51, 0x75, 0x6e, 0xa8, 0x1f, 0xbd, 0x04, 0x70,
    0xba, 0xe5, 0xe3, 0xf9, 0x01, 0x91, 0xba, 0x78, 0x23, 0xd0, 0xe5, 0x56, 0x78, 0x1a, 0x86, 0x45,
    0x06, 0x81, 0xe6, 0xb2, 0x75, 0x25, 0xfe, 0x02, 0x01, 0xf5, 0xc9, 0xfa, 0x9e, 0x04, 0xa1, 0x69,
    0x5e, 0x28, 0x50, 0x88, 0x27, 0x32, 0xa0, 0xca, 0x89, 0x12, 0x45, 0x94, 0x54, 0x61, 0x73, 0x21,
    0x8d, 0x27, 0x11, 0x46, 0x87, 0xbe, 0x5e, 0x3c, 0xf0, 0xd0, 0x6b, 0x1f, 0x2f, 0x8e, 0x5b, 0x40,
    0x31, 0xf5, 0x38, 0xbe, 0x26, 0xad, 0x61, 0x9e, 0x12, 0xfe, 0xb5, 0x8c, 0x17, 0x44, 0x72, 0x17,
    0xf0, 0xcb, 0x2e, 0xa9, 0x2b, 0xa1, 0xe7, 0xcc, 0x4a, 0x7c, 0x13, 0x02, 0x75, 0x1d, 0x79, 0x12,
    0x06, 0x97, 0x12, 0x4a, 0xd1, 0xa7, 0x6e, 0x8d, 0x20, 0x00, 0xaa, 0xce, 0xb7, 0x9f, 0x54, 0xfa,
    0x10, 0x58, 0xb7, 0x22, 0x0a, 0xcf, 0x49, 0x0c, 0x29, 0x0a, 0x28, 0xc0, 0xd3, 0x8d, 0x8b, 0xc5,
    0xf2, 0x14, 0x8b, 0xd4, 0x81, 0x03, 0x4f, 0x99, 0x75, 0xf7, 0x08, 0xe9, 0xcc, 0x70, 0x32, 0x64,
    0x25, 0xb4, 0x55, 0xcf, 0x0b, 0x82, 0xc0, 0x73, 0x2c, 0x5f, 0x9f, 0xf5, 0x9c, 0x09, 0x3e, 0x4b,
    0xd0, 0x5d, 0x86, 0x6e, 0xde, 0x0e, 0x8e, 0xeb, 0x00, 0x28, 0x22, 0x93, 0xaf, 0x52, 0x09, 0xa5,
    0x4c, 0x41, 0x8b, 0x2f, 0xa8, 0x11, 0x66, 0x6d, 0xa0, 0xea, 0x7c, 0x77, 0x6f, 0x60, 0xb9, 0xba,
    0x28, 0xa2, 0x72, 0x76, 0xeb, 0x52, 0x78, 0x12, 0x0a, 0xba, 0x38, 0xe3, 0xc6, 0x81, 0x65, 0x3c,
    0x81, 0x78, 0xed, 0x21, 0x40, 0x54, 0x3d, 0x8d, 0xa2, 0xe5, 0x69, 0xa8, 0xcf, 0xfb, 0x63, 0x9e,
    0x79, 0xfa, 0xbd, 0x53, 0xa7, 0x2e, 0xc0, 0x38, 0xf5, 0xea, 0xd7, 0xcc, 0xc0, 0x01, 0xc7, 0x78,
    0xe3, 0x7f, 0xfb, 0xdf, 0x43, 0x92, 0x59, 0x09, 0x3b, 0xdf, 0xe6, 0x93, 0x48, 0x4d, 0xbe, 0xe5,
    0x25, 0x94, 0x06, 0x15, 0xa7, 0x6e, 0xd4, 0x04, 0xaa, 0x66, 0x04, 0xf6, 0xc4, 0x10, 0x45, 0x54,
    0x3a, 0x76, 0x69, 0x76, 0xeb, 0x4e, 0xd0, 0x25, 0xee, 0xcb, 0xf5, 0x09, 0xc5, 0xa3, 0x80, 0xa8,
    0x40, 0x93, 0x9b, 0xe3, 0x29, 0xd2, 0x43, 0x59, 0xf6, 0x03, 0xf3, 0xbd, 0x53, 0x27, 0x6f, 0x4d,
    0xc4, 0xc9, 0x0b, 0xa7, 0x4e, 0x9b, 0xaa, 0x86, 0x3f, 0x3a, 0x65, 0x97, 0x64, 0x56, 0x42, 0xce,
    0xb5, 0xf9, 0x24, 0x92, 0x49, 0xbe, 0x4a, 0xa7, 0x49, 0x28, 0xae, 0x67, 0x76, 0x0d, 0x28, 0xd3,
    0xb4, 0x26, 0xa2, 0x88, 0xca, 0xd9, 0xbb, 0x11, 0x92, 0x3b, 0x7c, 0xb2, 0xbd, 0x53, 0x8d, 0x27,
    0x44, 0xd4, 0x95, 0x40, 0x69, 0x8a, 0xa7, 0xa1, 0x36, 0xc3, 0xe9, 0x34, 0xa6, 0xe9, 0xae, 0xbb,
    0x4e, 0xa0, 0xb8, 0xeb, 0x2e, 0x04, 0xd5, 0x85, 0x57, 0xc1, 0x95, 0xb9, 0x32, 0xc9, 0x51, 0xb4,
    0x5a, 0x8e, 0xcd, 0x17, 0x4d, 0xf3, 0x49, 0x24, 0xae, 0x79, 0x25, 0x4f, 0x62, 0xce, 0x53, 0x30,
    0x50, 0x2b, 0xc7, 0x76, 0x75, 0xa0, 0xac, 0xea, 0xdf, 0xd5, 0x99, 0xb3, 0x3d, 0xd4, 0xc4, 0x38,
    0x5f, 0xd6, 0xe4, 0x9b, 0x12, 0x3b, 0x12, 0xb2, 0x6e, 0xfe, 0x73, 0x45, 0x9e, 0x3e, 0xfe, 0x71,
    0x50, 0x47, 0xdd, 0x50, 0xe5, 0x66, 0x78, 0x8a, 0xe5, 0x29, 0xf4, 0x4e, 0x9f, 0x02, 0xf4, 0x7c,
    0xea, 0xc4, 0xc7, 0x52, 0x71, 0x02, 0x42, 0x75, 0xf2, 0xd5, 0x78, 0x88, 0xa3, 0xde, 0x0f, 0xdb,
    0x05, 0x36, 0xdf, 0x86, 0x96, 0xeb, 0x9b, 0x4b, 0x24, 0xae, 0x39, 0xf4, 0x24, 0x96, 0xa5, 0x4e,
    0x9a, 0x1d, 0x2f, 0x61, 0xc7, 0xaa, 0x15, 0xd5, 0x81, 0xaa, 0xf5, 0x5d, 0x63, 0xa4, 0x3c, 0x57,
    0xb8, 0x12, 0x52, 0x66, 0x33, 0x14, 0x99, 0xc9, 0x37, 0x44, 0x77, 0x79, 0x3e, 0x7e, 0xe0, 0xa1,
    0x8a, 0x3c, 0x41, 0xaf, 0xef, 0x62, 0xd5, 0x32, 0x4a, 0x67, 0x31, 0xfe, 0x2e, 0x1b, 0x96, 0x09,
    0xd5, 0xe9, 0xae, 0x8f, 0xe5, 0xc4, 0x89, 0x4f, 0x01, 0x95, 0x3a, 0x1d, 0xe8, 0x46, 0xed, 0x1f,
    0x07, 0x6c, 0x3e, 0x6f, 0xf1, 0x6e, 0xd0, 0xc8, 0x37, 0x97, 0x48, 0x46, 0x63, 0xab, 0x78, 0x12,
    0x93, 0x78, 0x05, 0x83, 0x95, 0xbf, 0xad, 0xb6, 0x1d, 0x63, 0xcb, 0x8a, 0x0b, 0xba, 0xa5, 0x17,
    0xc7, 0xaf, 0xd9, 0x7c, 0xec, 0x36, 0xf9, 0x66, 0x28, 0x28, 0x50, 0xef, 0xef, 0x1c, 0x38, 0xf0,
    0xda, 0x2d, 0x95, 0xe3, 0xf8, 0x81, 0xc7, 0x3d, 0xb9, 0x01, 0x9e, 0xc2, 0xf8, 0x12, 0xb7, 0xd3,
    0x17, 0x0a, 0x70, 0x42, 0x48, 0x01, 0x95, 0x3a, 0x15, 0x5d, 0xd9, 0x1b, 0xd6, 0x3d, 0x57, 0x22,
    0xcc, 0x1d, 0x8f, 0x95, 0xfa, 0x04, 0xa3, 0xb1, 0x55, 0xee, 0x08, 0x70, 0x67, 0xfa, 0x34, 0x56,
    0xbb, 0x10, 0x96, 0x15, 0x11, 0xbe, 0xbd, 0x2b, 0xe6, 0x63, 0xd3, 0xae, 0x39, 0xf1, 0x24, 0x1f,
    0x78, 0x4a, 0x4a, 0xf0, 0x12, 0x48, 0xf8, 0xaa, 0xc7, 0xa3, 0x07, 0x0e, 0xec, 0x54, 0x19, 0x42,
    0xa2, 0xe4, 0x49, 0x8f, 0x86, 0x21, 0x82, 0xf7, 0x4e, 0x66, 0x92, 0xbd, 0x54, 0xdc, 0x05, 0x45,
    0x0a, 0x5f, 0x32, 0xea, 0xd6, 0x9c, 0xe6, 0x73, 0xf3, 0x36, 0xed, 0xf6, 0xa5, 0x23, 0x08, 0x28,
    0x99, 0xb9, 0xc9, 0x17, 0x01, 0x15, 0xd4, 0x29, 0x75, 0xf8, 0x12, 0x15, 0x99, 0x18, 0x8e, 0x2e,
    0xce, 0xbb, 0x64, 0xe3, 0x9a, 0xbb, 0xc8, 0x91, 0x00, 0x09, 0x5f, 0x9d, 0x38, 0x0e, 0x9c, 0x3e,
    0xb9, 0x21, 0x9e, 0xf4, 0xe0, 0xd5, 0x12, 0x79, 0x9a, 0x89, 0xd4, 0xc9, 0xd3, 0xb8, 0xae, 0xf3,
    0xa9, 0x7c, 0x73, 0xdc, 0x88, 0x3a, 0x22, 0x5d, 0xaf, 0x0f, 0x54, 0x15, 0x4f, 0xc2, 0x70, 0x63,
    0x81, 0xea, 0x08, 0x4f, 0x20, 0xeb, 0xc3, 0x12, 0xe5, 0x84, 0xc2, 0xe6, 0x4b, 0x8f, 0xc6, 0xea,
    0xca, 0x25, 0xa2, 0x65, 0x0b, 0xce, 0x55, 0x90, 0x81, 0x40, 0xdd, 0x53, 0x0b, 0xa8, 0x5b, 0x80,
    0x44, 0x2d, 0x6d, 0xef, 0x52, 0xf2, 0xa4, 0xc5, 0xfa, 0x74, 0x6a, 0x29, 0x4f, 0x20, 0x3e, 0x15,
    0x13, 0x55, 0xfd, 0x5e, 0x79, 0x74, 0xda, 0xe5, 0x76, 0x6e, 0x67, 0x57, 0x22, 0xe8, 0xeb, 0xd6,
    0x01, 0x6a, 0xbc, 0x0c, 0xa8, 0xf9, 0x8e, 0xc1, 0xc2, 0x7f, 0x1f, 0xef, 0xd7, 0xa5, 0xf8, 0x2e,
    0x48, 0xa2, 0x9c, 0x8a, 0x40, 0xad, 0x95, 0xcd, 0x47, 0xb1, 0x5d, 0x57, 0x06, 0x8b, 0xa8, 0xae,
    0x40, 0x55, 0xaa, 0xa2, 0x98, 0xe8, 0x13, 0xc8, 0x46, 0x81, 0x3e, 0x9d, 0xf8, 0xd8, 0xf2, 0xb8,
    0x0b, 0x10, 0x85, 0xae, 0xc2, 0xd6, 0xa9, 0x1a, 0x51, 0xb8, 0xb3, 0x2b, 0x11, 0xf4, 0x75, 0xab,
    0x0c, 0x1e, 0x45, 0x40, 0x2d, 0xcb, 0xf8, 0x52, 0x7b, 0x70, 0xf3, 0xfe, 0x7d, 0xde, 0x89, 0x7c,
    0x45, 0xdf, 0x66, 0x09, 0x53, 0x96, 0x5a, 0x11, 0xa8, 0xb5, 0xb2, 0xf9, 0xc8, 0xdb, 0x50, 0x60,
    0xd1, 0x18, 0xce, 0xe3, 0xb5, 0x2a, 0x28, 0x5c, 0x45, 0x5d, 0x34, 0xb5, 0x06, 0x78, 0x92, 0xbd,
    0xf7, 0xaa, 0xf1, 0x04, 0x35, 0xea, 0x02, 0x1e, 0x8a, 0xf2, 0x69, 0x1a, 0x51, 0x54, 0x40, 0x2d,
    0x35, 0xf9, 0x66, 0x40, 0x8d, 0x97, 0xd1, 0x54, 0x42, 0x42, 0xe6, 0xd8, 0x23, 0x87, 0xf0, 0x1b,
    0x61, 0xa0, 0xc6, 0x02, 0xa8, 0x6c, 0x4c, 0x77, 0x48, 0x67, 0xcd, 0xc1, 0xc2, 0x55, 0xcc, 0x67,
    0xeb, 0x58, 0x7c, 0x38, 0x1e, 0x3a, 0x70, 0xc3, 0x96, 0x79, 0xe7, 0x7b, 0xa0, 0xba, 0x3b, 0x7d,
    0xb2, 0x42, 0xbe, 0x87, 0x03, 0x78, 0x7d, 0xa8, 0xe1, 0xac, 0xd4, 0x99, 0x37, 0x1f, 0xe4, 0x75,
    0x76, 0xff, 0x44, 0x22, 0x19, 0x94, 0x60, 0x02, 0x14, 0x4e, 0xe5, 0xca, 0x38, 0xc8, 0x3b, 0x98,
    0xcf, 0x29, 0x01, 0xaa, 0x04, 0xb9, 0x5a, 0x40, 0xad, 0xd5, 0x34, 0x9f, 0x4f, 0xdc, 0x86, 0x52,
    0x40, 0xd3, 0x14, 0x78, 0xe6, 0x75, 0x79, 0x02, 0x53, 0xb2, 0x8f, 0x3b, 0x06, 0x77, 0x7d, 0xd2,
    0xcd, 0x0b, 0x95, 0x79, 0x82, 0xce, 0xc4, 0x7b, 0x8e, 0x5c, 0xc3, 0xe9, 0x83, 0x97, 0xda, 0x2c,
    0x6e, 0xe0, 0xc0, 0xa3, 0x12, 0x84, 0x40, 0x8d, 0x68, 0x81, 0x9a, 0x9d, 0x67, 0x54, 0x0c, 0x54,
    0xfe, 0xd1, 0xb1, 0x4e, 0x11, 0x50, 0x4b, 0x54, 0x4c, 0x00, 0x95, 0x1f, 0x3d, 0x62, 0xa0, 0xc0,
    0x42, 0xb0, 0xae, 0xd4, 0xce, 0xf8, 0x6e, 0xb9, 0xe5, 0xb5, 0x03, 0xcf, 0x9a, 0x32, 0x67, 0x9e,
    0x40, 0xc2, 0x07, 0x0a, 0xa8, 0x8f, 0x7d, 0xac, 0x3a, 0x51, 0x27, 0x51, 0xc3, 0x59, 0xa9, 0xd3,
    0xd9, 0xdd, 0xcd, 0x19, 0x95, 0xf8, 0x7d, 0xe9, 0xbb, 0x44, 0x83, 0x12, 0x1a, 0x1d, 0x50, 0x4e,
    0xee, 0x59, 0xb0, 0x55, 0x78, 0xca, 0x05, 0x66, 0xf1, 0xbc, 0x31, 0x5a, 0xa0, 0xd6, 0xa9, 0x11,
    0x45, 0xbc, 0x1b, 0xca, 0x87, 0x63, 0xe6, 0x4f, 0xd5, 0xf5, 0xf8, 0xb0, 0xcf, 0x57, 0x5c, 0x44,
    0xb1, 0xc9, 0xf7, 0x80, 0x5b, 0x02, 0x12, 0xbe, 0x13, 0xd5, 0x81, 0x02, 0x65, 0xd4, 0xa9, 0xa0,
    0x46, 0x15, 0x95, 0xb7, 0x23, 0x0a, 0xcf, 0x1e, 0xb5, 0x01, 0x94, 0x93, 0x39, 0xbe, 0xb2, 0x06,
    0x4f, 0x79, 0xbc, 0x64, 0xce, 0xc4, 0xcc, 0xfd, 0x8e, 0x95, 0x81, 0x5a, 0xab, 0x46, 0xd4, 0x98,
    0x74, 0x50, 0x02, 0x76, 0xa1, 0xc0, 0x18, 0xdf, 0x6b, 0xf5, 0x81, 0x7a, 0xe8, 0xc0, 0x8e, 0xcb,
    0x57, 0x9f, 0x80, 0x9d, 0x7f, 0xaa, 0x7a, 0xc2, 0x17, 0x49, 0xd4, 0x69, 0xe8, 0x4b, 0xe8, 0xe4,
    0xa3, 0x12, 0x3a, 0x24, 0xe9, 0xcb, 0xd2, 0x97, 0x9a, 0x06, 0xca, 0xc1, 0x17, 0xd4, 0x2c, 0x59,
    0xfe, 0x49, 0x40, 0x16, 0xef, 0xb3, 0x29, 0xb4, 0xd6, 0x67, 0x5f, 0x9e, 0xab, 0x52, 0x02, 0x28,
    0xa6, 0xdb, 0x0b, 0x43, 0xe8, 0x49, 0x5c, 0x3c, 0xf0, 0x68, 0x7d, 0xa0, 0x8e, 0x1f, 0xb8, 0x52,
    0xe0, 0x4a, 0x30, 0xe3, 0x29, 0xac, 0x29, 0x50, 0xd0, 0x3b, 0x3f, 0x05, 0xdd, 0x7c, 0xb9, 0xf2,
    0x3d, 0x86, 0xea, 0xce, 0xc2, 0x65, 0xf0, 0x1a, 0x24, 0xe9, 0x4b, 0x18, 0x28, 0xad, 0x31, 0xa0,
    0x9c, 0xf9, 0x15, 0x6a, 0xa5, 0x12, 0xe5, 0x0c, 0x8a, 0x6f, 0x5c, 0x73, 0x0a, 0x0b, 0xb2, 0xe4,
    0x57, 0x3b, 0xc4, 0x40, 0xc9, 0xeb, 0x05, 0x14, 0x68, 0xfb, 0x13, 0xae, 0x5e, 0xcd, 0x24, 0xf0,
    0x24, 0xa0, 0x2b, 0x71, 0xc5, 0x32, 0x38, 0xe6, 0x7b, 0x70, 0x8b, 0x56, 0x4d, 0x81, 0xc2, 0x55,
    0x94, 0x5e, 0x39, 0xe7, 0x73, 0x73, 0x66, 0x8f, 0x22, 0xa0, 0xea, 0xcf, 0xc6, 0x56, 0xda, 0xbc,
    0x91, 0x0f, 0x94, 0x93, 0xba, 0xe3, 0x73, 0xa3, 0x58, 0xa2, 0xb2, 0x17, 0x18, 0xe6, 0xdc, 0x61,
    0x98, 0x03, 0x54, 0xea, 0xab, 0x1d, 0x01, 0x54, 0xb5, 0xdb, 0x75, 0x35, 0xc2, 0x39, 0x09, 0x9d,
    0x14, 0xa8, 0xc7, 0x55, 0x83, 0x27, 0x4f, 0x40, 0x3a, 0xeb, 0x0a, 0x14, 0xac, 0xa2, 0xde, 0x83,
    0xbf, 0x95, 0x5e, 0x1d, 0x28, 0xbf, 0x6d, 0xa0, 0x9c, 0xc5, 0x5b, 0xa8, 0x37, 0x96, 0x02, 0xb5,
    0x31, 0xfb, 0xfa, 0x14, 0x80, 0x65, 0xf8, 0x25, 0xbf, 0xda, 0x11, 0x40, 0x2d, 0x07, 0xea, 0x5f,
    0xc8, 0x80, 0x02, 0x6b, 0x46, 0xff, 0xa8, 0xf6, 0x9c, 0x44, 0x89, 0x6f, 0xce, 0x2a, 0xdf, 0x83,
    0x67, 0x9a, 0x7d, 0xad, 0x8e, 0xc5, 0x17, 0x4b, 0xd4, 0x05, 0xb3, 0xb2, 0xcf, 0xe7, 0xe6, 0x9c,
    0x75, 0xa9, 0x40, 0x92, 0x3e, 0x29, 0x7d, 0xd2, 0xb6, 0x9b, 0x01, 0x0a, 0xcb, 0xc8, 0x8c, 0xa7,
    0xc4, 0xbd, 0xee, 0xe5, 0x84, 0x24, 0xbe, 0x7c, 0x63, 0xc9, 0x97, 0x27, 0xbe, 0x3a, 0xfe, 0xee,
    0x8e, 0x00, 0x8a, 0xd3, 0x6c, 0xac, 0xc6, 0x58, 0xa1, 0xd8, 0xe9, 0x13, 0x18, 0xe0, 0xa8, 0x9d,
    0xf1, 0xc1, 0xee, 0x2e, 0xce, 0xf9, 0x88, 0xa7, 0x63, 0x23, 0xa0, 0x7e, 0xcb, 0x06, 0xa1, 0xf0,
    0x07, 0xca, 0xc9, 0x2c, 0x79, 0xaf, 0x1e, 0x21, 0x1e, 0x11, 0x50, 0x09, 0xf5, 0xab, 0x0e, 0xd4,
    0x1a, 0x0d, 0xf3, 0x29, 0x83, 0x80, 0x1c, 0xa8, 0x11, 0x43, 0xa0, 0x18, 0xf2, 0x04, 0xdc, 0xc7,
    0x0b, 0xb5, 0x33, 0x3e, 0x94, 0xf3, 0x41, 0xaf, 0xc4, 0x6f, 0x1e, 0x28, 0x45, 0x19, 0xd5, 0x06,
    0xca, 0xa1, 0x26, 0xa4, 0xe4, 0xeb, 0x9d, 0xd2, 0xaf, 0x16, 0x40, 0xf1, 0x02, 0x8a, 0xd0, 0x94,
    0x00, 0x2e, 0x9f, 0x25, 0x73, 0xcb, 0xf7, 0x60, 0x35, 0x03, 0x4a, 0xa8, 0xda, 0x3c, 0x41, 0x9f,
    0x0f, 0x66, 0xa2, 0x2e, 0xe9, 0x1d, 0x51, 0xcd, 0x02, 0x35, 0x23, 0xc4, 0x4b, 0xad, 0xf9, 0xa5,
    0x40, 0x79, 0xf4, 0x40, 0x39, 0xb5, 0x81, 0xd2, 0x04, 0x50, 0x95, 0xd6, 0xb0, 0x01, 0x46, 0xf9,
    0x88, 0x6c, 0xf3, 0x1b, 0xef, 0xcb, 0xfc, 0xf4, 0x09, 0x30, 0x71, 0xfa, 0x56, 0x02, 0xa0, 0x40,
    0x11, 0x05, 0x7b, 0xbb, 0x61, 0xe5, 0xe3, 0xcd, 0xf3, 0x81, 0xb2, 0x1b, 0x01, 0xca, 0x21, 0x02,
    0x6a, 0x43, 0x00, 0xc5, 0x1d, 0xa8, 0x0d, 0xd2, 0xed, 0x50, 0x21, 0xd1, 0x6e, 0xa8, 0xa8, 0xb1,
    0xbb, 0xd0, 0x13, 0x0d, 0x99, 0xf2, 0x24, 0xdb, 0xef, 0x11, 0x94, 0x50, 0xa8, 0x88, 0xaa, 0x6a,
    0xf3, 0xe5, 0xdd, 0x17, 0xb0, 0x02, 0x0a, 0x25, 0x80, 0xe2, 0x1e, 0x1a, 0x04, 0x8a, 0x48, 0x1f,
    0xa6, 0x78, 0xf7, 0x46, 0x7d, 0xa0, 0xb2, 0xfb, 0x37, 0x98, 0xe6, 0x7b, 0xe0, 0xd7, 0xb2, 0x5e,
    0x25, 0x05, 0x0a, 0x80, 0xf0, 0xdf, 0x15, 0x81, 0xfa, 0xb7, 0x76, 0x81, 0x22, 0xad, 0xa1, 0xea,
    0x00, 0x35, 0xc8, 0x05, 0x8a, 0xc0, 0x94, 0x68, 0x02, 0x28, 0xfc, 0x93, 0x5a, 0xff, 0x01, 0xe4,
    0x40, 0xf9, 0x50, 0x0a, 0x6e, 0x10, 0x0c, 0xc7, 0xde, 0x73, 0xe0, 0xa5, 0xf4, 0x26, 0x78, 0xb6,
    0xfa, 0x04, 0x6f, 0x2e, 0x38, 0x45, 0x06, 0xd4, 0xad, 0x10, 0x74, 0x6d, 0x35, 0x80, 0x62, 0xe0,
    0xf2, 0x55, 0x01, 0x6a, 0xa3, 0x98, 0xa7, 0x4e, 0x99, 0x12, 0xf2, 0xec, 0x1a, 0x60, 0x6e, 0x38,
    0xc5, 0x3f, 0x81, 0x57, 0xca, 0xd7, 0x93, 0xb0, 0x6f, 0xfe, 0x68, 0xfd, 0x12, 0x2a, 0x6d, 0xf2,
    0xb1, 0xe6, 0x89, 0xd0, 0x35, 0x47, 0x40, 0xe9, 0xd5, 0x81, 0x62, 0x98, 0xf2, 0x31, 0xef, 0x43,
    0x39, 0x35, 0x6d, 0xf3, 0x41, 0x49, 0x1b, 0x78, 0xa1, 0x6b, 0x45, 0xd4, 0x87, 0xe2, 0x0e, 0x14,
    0x78, 0x84, 0x36, 0x38, 0xf5, 0xdd, 0x71, 0x0d, 0x4e, 0xfb, 0x44, 0x00, 0x4e, 0xae, 0x03, 0x8e,
    0x73, 0xb7, 0x97, 0x6d, 0x44, 0x21, 0x37, 0x25, 0xe0, 0xb1, 0xe6, 0xb2, 0x49, 0x50, 0x44, 0x3d,
    0x94, 0x3e, 0x54, 0x42, 0x67, 0xcd, 0x13, 0x02, 0xea, 0x04, 0x31, 0x50, 0xbb, 0x94, 0xa6, 0x44,
    0x63, 0x40, 0x45, 0xeb, 0x3e, 0x5e, 0xf4, 0xa5, 0xa3, 0x47, 0x84, 0x8d, 0xdd, 0x55, 0x99, 0x94,
    0x90, 0x8d, 0x30, 0xbe, 0xc0, 0x40, 0xe3, 0x42, 0x94, 0x6c, 0x68, 0xf1, 0x2d, 0x0d, 0x61, 0xf9,
    0x0f, 0xa0, 0x00, 0x4a, 0x87, 0x93, 0x80, 0xf5, 0x37, 0x44, 0xdd, 0x03, 0xb6, 0x43, 0x29, 0xcc,
    0xf4, 0x29, 0x6f, 0xac, 0x9b, 0x2e, 0xe5, 0xd3, 0x59, 0xd8, 0xe6, 0x0d, 0xce, 0xf2, 0x0d, 0x72,
    0x66, 0xf3, 0xa8, 0x47, 0x8f, 0x56, 0x6b, 0x96, 0x4f, 0x36, 0x7c, 0xa0, 0x4e, 0xf0, 0x17, 0x1a,
    0x04, 0xc1, 0x88, 0x03, 0x51, 0xb2, 0x31, 0x0a, 0x82, 0x0d, 0xe4, 0x05, 0x05, 0x81, 0x5f, 0xfa,
    0x03, 0x28, 0x80, 0xf2, 0x51, 0xce, 0x77, 0xb1, 0xee, 0x06, 0x0e, 0xd0, 0x85, 0x4a, 0x64, 0x7c,
    0xcc, 0xf3, 0x3d, 0x08, 0xd4, 0x5b, 0xc4, 0xa6, 0x84, 0x56, 0xf1, 0x37, 0x5a, 0xd6, 0xd8, 0x6d,
    0x0a, 0xa8, 0xa2, 0x69, 0x73, 0xb5, 0xd6, 0x70, 0x6c, 0xd9, 0xb4, 0xf9, 0xa0, 0x08, 0xa7, 0xee,
    0x00, 0x05, 0x79, 0xf2, 0xd0, 0x61, 0xb6, 0xb6, 0xad, 0xf2, 0x20, 0x0a, 0xf1, 0x84, 0xff, 0xf8,
    0x63, 0x75, 0x09, 0x51, 0x34, 0x97, 0xd9, 0xc8, 0xf8, 0x20, 0xe6, 0xe3, 0x35, 0x05, 0x2a, 0x79,
    0x18, 0xb3, 0xce, 0x81, 0x27, 0x1a, 0xdb, 0x1c, 0x48, 0xe7, 0x84, 0x14, 0xa8, 0x68, 0x38, 0xf6,
    0xdb, 0xf5, 0x81, 0xa2, 0xde, 0x0f, 0xb5, 0xb8, 0x63, 0x30, 0x67, 0xf3, 0xd2, 0xa0, 0xde, 0xf6,
    0x8d, 0x2a, 0xc7, 0xb9, 0x74, 0x04, 0xa8, 0x24, 0x4f, 0xb6, 0xbd, 0x1d, 0x04, 0xac, 0xb3, 0x3e,
    0x90, 0xef, 0x61, 0x9e, 0xc6, 0x63, 0x74, 0xa8, 0x7b, 0xe0, 0x96, 0xfc, 0x00, 0x1a, 0xa0, 0x60,
    0xce, 0xe7, 0x7e, 0x74, 0xa0, 0x9e, 0x44, 0xa5, 0x4e, 0x11, 0xd3, 0xd9, 0xe7, 0x7b, 0xd4, 0x8d,
    0x5d, 0x97, 0x74, 0x38, 0x36, 0x09, 0x54, 0xf7, 0x76, 0xec, 0xd6, 0xdd, 0x60, 0xb8, 0x32, 0x3b,
    0x76, 0xc1, 0x93, 0x49, 0xf0, 0x84, 0x34, 0x8a, 0x2d, 0x51, 0x31, 0x4f, 0xe3, 0xf8, 0x9a, 0x84,
    0xa0, 0x8c, 0x28, 0xf2, 0xed, 0x1b, 0xd1, 0xed, 0x85, 0xc1, 0x53, 0xb5, 0x24, 0x2a, 0x25, 0x50,
    0x3c, 0xf2, 0x3d, 0x18, 0x23, 0xf3, 0x56, 0xf2, 0xd1, 0xa3, 0x21, 0xe9, 0xf6, 0x8d, 0x11, 0x06,
    0xea, 0x0f, 0x9b, 0x07, 0xaa, 0xd2, 0x99, 0x12, 0x75, 0xb7, 0xc0, 0x3b, 0x0c, 0xcf, 0x94, 0xe0,
    0x08, 0x54, 0xc4, 0x53, 0x8c, 0x13, 0x22, 0xca, 0x63, 0x09, 0x54, 0xc4, 0xd3, 0x78, 0x7e, 0xf1,
    0xc8, 0x76, 0x59, 0x5a, 0x49, 0xbe, 0xc1, 0x30, 0xf2, 0xf9, 0x42, 0x50, 0x45, 0x55, 0x37, 0xfa,
    0xe0, 0x0d, 0x51, 0x8e, 0xcc, 0x33, 0xdf, 0xa3, 0x1d, 0x8e, 0x95, 0x89, 0x37, 0x18, 0xa2, 0x2d,
    0xf0, 0xdf, 0x6d, 0x07, 0xa8, 0xc5, 0x53, 0x8f, 0x18, 0x1c, 0xd2, 0x32, 0xff, 0x86, 0xf4, 0xa7,
    0x1e, 0xf1, 0x3b, 0xa4, 0x25, 0xca, 0xf7, 0x12, 0x3c, 0xd9, 0xf6, 0x20, 0xf8, 0x90, 0x1d, 0x51,
    0x98, 0xa7, 0x71, 0xea, 0x26, 0x1f, 0x27, 0x50, 0xcb, 0x80, 0x22, 0xbf, 0x61, 0xd7, 0x45, 0xdf,
    0xe0, 0x06, 0xb8, 0xae, 0xba, 0x7a, 0xc2, 0xf7, 0xd2, 0xcc, 0xe2, 0xe3, 0x94, 0xef, 0x91, 0x6f,
    0xdf, 0xb8, 0xf5, 0xb4, 0x5e, 0x75, 0x3f, 0x14, 0xbc, 0x65, 0xf7, 0xdc, 0xb4, 0x18, 0xa8, 0xe6,
    0x8f, 0x11, 0x8b, 0x90, 0x2a, 0x3b, 0x9f, 0xb2, 0xe6, 0x31, 0x62, 0xab, 0x70, 0x2e, 0x5f, 0x1e,
    0x4f, 0x40, 0xa2, 0x54, 0x66, 0x3f, 0x2e, 0x87, 0x27, 0x0b, 0x1a, 0x13, 0xc5, 0x1f, 0x10, 0x14,
    0xb7, 0xd9, 0x60, 0x91, 0x50, 0x40, 0xd2, 0xf7, 0xd0, 0xa3, 0x55, 0x79, 0xba, 0x38, 0xbb, 0x7b,
    0x83, 0x57, 0xbe, 0x87, 0x5c, 0x09, 0xf2, 0x0d, 0x86, 0x61, 0x65, 0xa0, 0x16, 0x0f, 0x69, 0x09,
    0x31, 0x50, 0xdf, 0x82, 0xef, 0xb4, 0x9b, 0x27, 0xc7, 0xd6, 0x3d, 0xe8, 0x92, 0xd5, 0xc9, 0xb1,
    0xdc, 0x80, 0x4a, 0xf3, 0xd4, 0xeb, 0xa1, 0xff, 0x03, 0x45, 0x0e, 0xb3, 0x9c, 0x0f, 0xf3, 0x84,
    0x30, 0xc2, 0xdf, 0x1b, 0x86, 0x0a, 0x6e, 0x0e, 0x1f, 0x19, 0xa5, 0xc7, 0x88, 0xf9, 0x34, 0x77,
    0xc0, 0xeb, 0x60, 0xe6, 0xfc, 0xf8, 0xa3, 0xd5, 0x0a, 0xa8, 0xf9, 0x05, 0x86, 0x3a, 0x3f, 0x9e,
    0xf0, 0xfe, 0x8d, 0xfa, 0x5b, 0xe0, 0x5f, 0x85, 0x76, 0xbe, 0x4f, 0x7c, 0x8c, 0x18, 0x02, 0xea,
    0x6f, 0xa4, 0xbf, 0x24, 0x03, 0xca, 0x60, 0x00, 0xd4, 0xd2, 0xb3, 0xcd, 0xab, 0x1e, 0xc5, 0x5c,
    0xf1, 0x6c, 0xf3, 0xb6, 0x8f, 0x62, 0x4e, 0xf1, 0x04, 0x5f, 0x0b, 0x5e, 0xf3, 0xec, 0x8a, 0x28,
    0xc4, 0x93, 0x3a, 0xc3, 0x09, 0x13, 0x35, 0x86, 0x40, 0xe9, 0x06, 0xfb, 0x83, 0x2e, 0xe3, 0xbc,
    0x4b, 0xb6, 0x3f, 0xaa, 0x46, 0x14, 0xe0, 0xe9, 0x8a, 0xa7, 0xf0, 0xce, 0xf7, 0x08, 0x0f, 0x69,
    0x01, 0xa6, 0xf9, 0xe9, 0xb0, 0x6a, 0x09, 0x95, 0x7b, 0xd0, 0xa5, 0x0b, 0x81, 0xfa, 0x23, 0x0c,
    0x94, 0xdf, 0xd6, 0x65, 0x01, 0x4b, 0x2f, 0xc7, 0x75, 0x2a, 0x5d, 0x16, 0x50, 0xed, 0x82, 0xa8,
    0x96, 0x2f, 0x0b, 0x48, 0xf3, 0x34, 0x1c, 0xc6, 0x3c, 0xa9, 0x81, 0xc3, 0x06, 0xa8, 0x19, 0x4f,
    0xf3, 0x74, 0x32, 0x06, 0x4a, 0x31, 0xd8, 0x1f, 0xc5, 0x1c, 0xfb, 0x12, 0xe0, 0x00, 0x59, 0x78,
    0x6d, 0xf5, 0xa3, 0xcb, 0xf3, 0xbd, 0x03, 0x8f, 0xc7, 0xb9, 0x67, 0xc8, 0x95, 0x27, 0x7c, 0xce,
    0x65, 0x6d, 0x8f, 0x2f, 0xa8, 0x7e, 0x2e, 0x5f, 0xde, 0x51, 0xcc, 0x11, 0x50, 0x7f, 0x85, 0x1e,
    0x7c, 0x7b, 0xd7, 0xd9, 0x2c, 0x47, 0xca, 0x61, 0x41, 0x53, 0x9d, 0xeb, 0x6c, 0xf8, 0x98, 0x7c,
    0x29, 0x9e, 0x86, 0x20, 0x62, 0x9e, 0x36, 0x4a, 0x1b, 0x45, 0xf5, 0x79, 0xb2, 0x53, 0x3c, 0x81,
    0x1f, 0xe0, 0x94, 0x11, 0x4b, 0x7e, 0x59, 0xc0, 0x2c, 0xe9, 0x03, 0xc6, 0xc4, 0xce, 0xb3, 0x07,
    0x1e, 0x2a, 0xf7, 0xfa, 0x1e, 0x05, 0x3c, 0x5d, 0x09, 0xa2, 0x4b, 0xd7, 0xb9, 0xe6, 0x7b, 0x44,
    0x07, 0x5d, 0x42, 0x4b, 0xc2, 0x97, 0x2b, 0x9f, 0x1c, 0x9b, 0x77, 0x59, 0x00, 0xba, 0x17, 0xea,
    0x6f, 0xa5, 0x9f, 0xf1, 0x05, 0x4a, 0x5c, 0xb8, 0x96, 0xc3, 0x53, 0x0f, 0xf2, 0xd4, 0x8b, 0x78,
    0x72, 0x02, 0x4f, 0xe1, 0xc4, 0x53, 0x22, 0xe3, 0x93, 0x4b, 0xae, 0xb3, 0x51, 0x14, 0x0a, 0xc1,
    0x40, 0xd5, 0x82, 0x6c, 0x81, 0x29, 0xd9, 0x52, 0x91, 0xba, 0xe7, 0xa1, 0x03, 0x17, 0x6f, 0x78,
    0x6c, 0xf4, 0xa9, 0xc2, 0x18, 0x82, 0xec, 0xd7, 0x3c, 0xe9, 0x32, 0x12, 0x28, 0x85, 0xe2, 0x3a,
    0x1b, 0x04, 0xd4, 0x75, 0xe9, 0x3a, 0x7a, 0xf2, 0xe2, 0x4a, 0x50, 0xce, 0x7d, 0xdd, 0x02, 0x9e,
    0xc0, 0x72, 0x0f, 0xca, 0x96, 0x7b, 0x6d, 0x9e, 0x6c, 0x7b, 0x01, 0x28, 0xc8, 0x93, 0x5d, 0xf2,
    0x03, 0x28, 0x2e, 0x5c, 0x4b, 0x5c, 0xb7, 0x2e, 0xfb, 0xe6, 0xe3, 0x07, 0x80, 0x48, 0x15, 0x20,
    0xf5, 0x1a, 0x90, 0xa7, 0x67, 0x77, 0x9c, 0xe8, 0xb1, 0x4e, 0xf8, 0xe6, 0x7b, 0xd1, 0x65, 0x01,
    0xa7, 0x6e, 0xfd, 0x54, 0xfd, 0x93, 0x98, 0x27, 0x95, 0x2f, 0x5c, 0x73, 0x17, 0x2f, 0x5c, 0x93,
    0x11, 0x50, 0x6f, 0x48, 0xfd, 0xfa, 0x7b, 0xe0, 0xab, 0x5d, 0x5a, 0xbd, 0x13, 0x4b, 0x54, 0x37,
    0x88, 0x9a, 0x5d, 0x5a, 0x3d, 0x6e, 0xe3, 0xd2, 0x6a, 0xcc, 0xd3, 0x78, 0xce, 0x13, 0x4e, 0xf8,
    0xc6, 0x40, 0x9f, 0xf8, 0xf2, 0x34, 0x5e, 0xc2, 0x13, 0xcd, 0x95, 0xa0, 0xc9, 0x0b, 0xd7, 0xe5,
    0x51, 0xb0, 0xf3, 0x52, 0x01, 0x52, 0xf7, 0x00, 0x9c, 0x2e, 0x5e, 0x31, 0xe3, 0x4f, 0x6d, 0x97,
    0xbb, 0x3e, 0x61, 0xef, 0xf1, 0x64, 0x8d, 0xa4, 0xef, 0xd6, 0x5b, 0x5f, 0x75, 0xaa, 0x1f, 0xc4,
    0x9c, 0x7b, 0x25, 0x28, 0x9a, 0x8d, 0xf5, 0xc1, 0x2d, 0xf0, 0xf5, 0xa7, 0x63, 0x2b, 0xf9, 0xe6,
    0x93, 0x41, 0x74, 0x0d, 0xbc, 0x6a, 0x75, 0xe0, 0x1e, 0xf8, 0xf1, 0x8c, 0x27, 0xd3, 0x57, 0x96,
    0x7b, 0x12, 0xac, 0x5d, 0xf3, 0x24, 0x4f, 0xc3, 0xc6, 0x78, 0xb2, 0x2b, 0xf0, 0x44, 0x35, 0xcc,
    0x97, 0xd2, 0x28, 0xc3, 0x32, 0xaf, 0x3c, 0x7b, 0x00, 0x24, 0x7e, 0x29, 0xa6, 0x1e, 0x7d, 0xed,
    0xf8, 0x43, 0xe0, 0x1f, 0x3e, 0xf5, 0x91, 0x37, 0xc2, 0xbf, 0xc5, 0xcb, 0x7e, 0x13, 0x3c, 0xc1,
    0xba, 0xae, 0x46, 0xd2, 0x07, 0xaf, 0x30, 0xd4, 0xaa, 0x0b, 0x54, 0xf1, 0x6c, 0xec, 0x27, 0x01,
    0x50, 0x64, 0xc3, 0x7c, 0x4b, 0x6d, 0x3e, 0xcd, 0x8e, 0x16, 0xb0, 0xe9, 0x58, 0xb5, 0x62, 0x5c,
    0x19, 0x91, 0x5a, 0xdf, 0x35, 0xe6, 0xc9, 0x73, 0x9b, 0x37, 0xf9, 0x62, 0x9e, 0xec, 0x19, 0x4f,
    0x3d, 0xd6, 0x3c, 0xe9, 0x33, 0x9e, 0x7a, 0xb1, 0x21, 0x8f, 0x12, 0x3e, 0xc8, 0x93, 0xb1, 0xfc,
    0x70, 0xf3, 0x21, 0xd5, 0x22, 0x77, 0xa3, 0x4b, 0xa2, 0x55, 0xf3, 0xca, 0x3f, 0x03, 0x7a, 0x0e,
    0x3c, 0x74, 0xfc, 0xf8, 0x3d, 0x28, 0x8e, 0x1f, 0x87, 0x7f, 0x7b, 0xf1, 0xf1, 0x8f, 0xe0, 0x53,
    0xc7, 0x19, 0xe6, 0xb0, 0x81, 0x7c, 0x6f, 0x7e, 0x43, 0xd4, 0x89, 0x8a, 0x05, 0x14, 0x4e, 0xf8,
    0xe4, 0xca, 0x1f, 0x21, 0x79, 0x93, 0x47, 0xf0, 0x91, 0x7f, 0x09, 0x00, 0x45, 0x32, 0x2a, 0x51,
    0x65, 0x03, 0x87, 0x1b, 0x2f, 0x61, 0x33, 0xf0, 0x9c, 0xca, 0xa1, 0x56, 0x07, 0x4a, 0xad, 0xfe,
    0x5d, 0x9d, 0xd9, 0xef, 0x62, 0x0e, 0xb5, 0xc6, 0xf7, 0xeb, 0x16, 0xf0, 0x64, 0x31, 0xe6, 0x09,
    0xab, 0x12, 0x4c, 0x28, 0x67, 0x40, 0x8d, 0x97, 0xf2, 0x44, 0x39, 0x2a, 0x11, 0xa7, 0x40, 0x2f,
    0x47, 0x1f, 0xb4, 0x96, 0xb9, 0x73, 0xe5, 0xa5, 0x8b, 0x07, 0x12, 0xf1, 0xec, 0x53, 0x37, 0x4c,
    0x2f, 0x8c, 0x70, 0x92, 0x29, 0xd3, 0xbd, 0x5e, 0x8d, 0x4c, 0x0a, 0x5f, 0x02, 0x5f, 0xf5, 0xd2,
    0x6a, 0xb5, 0xce, 0xfd, 0x85, 0xf9, 0x83, 0x12, 0xf0, 0x91, 0xff, 0x21, 0x00, 0x8a, 0x64, 0x54,
    0xa2, 0x8a, 0x2b, 0xa1, 0xcc, 0x89, 0xaa, 0x11, 0x5e, 0x75, 0xa0, 0x02, 0x82, 0x6f, 0x6f, 0x5a,
    0x93, 0xc6, 0x37, 0x6f, 0x24, 0x78, 0x02, 0xab, 0xdd, 0xf7, 0x79, 0xf2, 0xd4, 0x9b, 0xf1, 0x5a,
    0x95, 0x27, 0xc9, 0x26, 0xbd, 0x71, 0x2d, 0x55, 0xa5, 0x47, 0xca, 0x01, 0x77, 0xde, 0x9b, 0x00,
    0xaa, 0xc7, 0x9f, 0x7a, 0xea, 0xa5, 0x97, 0x9e, 0x7a, 0xea, 0xca, 0x8d, 0x8f, 0x4c, 0xcf, 0xd6,
    0xe2, 0x93, 0x33, 0x68, 0xe5, 0xa9, 0x57, 0x6f, 0x9b, 0x91, 0x6e, 0x56, 0x22, 0x0a, 0xf2, 0x84,
    0x06, 0x76, 0xab, 0x27, 0xbe, 0xa8, 0xaf, 0xab, 0xe7, 0x00, 0xf5, 0x2d, 0x00, 0x14, 0x41, 0x67,
    0xb7, 0x92, 0xcd, 0x27, 0x6b, 0xae, 0xd3, 0x35, 0xa0, 0x02, 0x7b, 0x62, 0x2c, 0x1f, 0x8d, 0x65,
    0x0b, 0x54, 0xf3, 0x3c, 0xc5, 0x2d, 0xe3, 0x4a, 0x3c, 0x49, 0xae, 0x09, 0x1a, 0x51, 0xd3, 0x1e,
    0x6d, 0xf8, 0x4a, 0xfc, 0xdb, 0x80, 0x17, 0x6f, 0xab, 0x0e, 0xd8, 0x64, 0xed, 0x38, 0x96, 0xaf,
    0xcf, 0xeb, 0xd1, 0x5d, 0x9f, 0xf6, 0x67, 0xe8, 0x35, 0x1f, 0x4c, 0x08, 0x89, 0xba, 0x6b, 0x69,
    0xfd, 0x74, 0xf2, 0x6b, 0xf8, 0xee, 0x82, 0xea, 0xb8, 0x03, 0x5f, 0x34, 0xc8, 0xf4, 0x75, 0xe1,
    0x43, 0xff, 0x23, 0x00, 0xd4, 0x93, 0xf5, 0x1b, 0x51, 0x95, 0x5c, 0x09, 0xb0, 0x34, 0xa7, 0xbe,
    0x1a, 0x1f, 0x6d, 0x50, 0x2d, 0x6a, 0x03, 0x55, 0xe7, 0x9b, 0x7b, 0x03, 0xdb, 0xad, 0xf0, 0x5b,
    0x33, 0xf6, 0x24, 0x16, 0x79, 0xf2, 0x91, 0x21, 0xc1, 0x85, 0xa7, 0x08, 0x27, 0xec, 0x78, 0xd8,
    0x15, 0x79, 0x82, 0x8d, 0x28, 0x4d, 0x09, 0x7b, 0xf4, 0xe1, 0x2a, 0x89, 0x0c, 0x06, 0x7e, 0x6e,
    0x19, 0x89, 0x07, 0x29, 0xeb, 0xd4, 0x38, 0xd5, 0xd3, 0xa7, 0x48, 0xa3, 0x5e, 0x5d, 0x42, 0x14,
    0xb8, 0xae, 0x3a, 0xd2, 0xa7, 0x3a, 0xee, 0x63, 0x5e, 0x1b, 0x0a, 0x3d, 0xf4, 0xbf, 0x02, 0x40,
    0xdd, 0x8d, 0xfe, 0xca, 0x60, 0xee, 0x4a, 0xe0, 0x9d, 0x45, 0x53, 0xb7, 0x46, 0x38, 0xb5, 0x81,
    0xf2, 0x6b, 0x7c, 0xf7, 0xe9, 0x44, 0xab, 0xf2, 0x3b, 0xb3, 0xf5, 0x24, 0x9a, 0xe6, 0xc9, 0x9f,
    0x0b, 0x54, 0x35, 0x9e, 0xa4, 0x5d, 0x90, 0xbc, 0x28, 0x7a, 0x8f, 0x45, 0xf8, 0xbb, 0x45, 0x56,
    0xa2, 0x3b, 0xec, 0x35, 0xcf, 0x13, 0xaa, 0xa3, 0xbe, 0x76, 0xb2, 0x04, 0xa9, 0x13, 0x9f, 0xba,
    0xf5, 0xd6, 0x53, 0x26, 0x3e, 0x68, 0xbd, 0xc6, 0x23, 0x18, 0x42, 0xd7, 0x7c, 0xb1, 0x0d, 0x85,
    0x30, 0xba, 0x1b, 0x00, 0xd5, 0xff, 0x2c, 0x74, 0xc1, 0x34, 0xf6, 0xae, 0x44, 0x4e, 0xcb, 0x14,
    0x85, 0x92, 0x0d, 0x0d, 0x84, 0xae, 0x4f, 0x09, 0x80, 0xd2, 0x75, 0xf8, 0xdf, 0x6a, 0x39, 0xdf,
    0x33, 0x3a, 0xf7, 0xae, 0x76, 0x30, 0x2d, 0xa1, 0x9a, 0xe1, 0x69, 0x3b, 0xe6, 0x09, 0xfd, 0x80,
    0x61, 0x2d, 0x9e, 0x58, 0xf8, 0xe6, 0x49, 0x99, 0xd2, 0x17, 0xff, 0x50, 0xf2, 0x2e, 0x0b, 0x9a,
    0x6a, 0xe7, 0x7b, 0xf1, 0xe3, 0x71, 0x4e, 0x83, 0xb4, 0x2f, 0x1f, 0xa9, 0x13, 0x77, 0x01, 0x79,
    0x7a, 0x2f, 0xc0, 0x1b, 0x88, 0x5f, 0x1e, 0xd6, 0xd1, 0xe2, 0x1c, 0xd7, 0x1c, 0x3e, 0xf5, 0xdf,
    0xea, 0x43, 0xa0, 0xbe, 0x0d, 0x81, 0xd2, 0x39, 0x14, 0x51, 0x05, 0x44, 0x29, 0x45, 0x44, 0x11,
    0x01, 0x55, 0xca, 0x13, 0x01, 0x50, 0x4c, 0x4b, 0xa8, 0x14, 0x4f, 0x3e, 0x6f, 0x7d, 0xc2, 0x3f,
    0x20, 0x2a, 0xd1, 0xaa, 0xf2, 0x44, 0xb7, 0xc5, 0x30, 0x5f, 0xa8, 0x26, 0xd1, 0xc7, 0x9c, 0xae,
    0x87, 0x2e, 0xab, 0x6f, 0xac, 0x91, 0x3e, 0x21, 0x37, 0xf8, 0xda, 0x05, 0x88, 0xd4, 0x89, 0x8c,
    0x17, 0x01, 0x70, 0x3a, 0x05, 0x0a, 0x48, 0xf4, 0x1a, 0xe4, 0x3a, 0xbf, 0x27, 0x34, 0xf9, 0x72,
    0x5d, 0xf3, 0x6f, 0x23, 0xa0, 0x7e, 0x08, 0x81, 0x0a, 0x79, 0x14, 0x51, 0xd5, 0x25, 0x0a, 0x11,
    0x45, 0x0c, 0x94, 0xc2, 0x50, 0xa0, 0x58, 0x6e, 0x86, 0x6a, 0x9e, 0x27, 0x3f, 0x4e, 0xf8, 0x2a,
    0xf3, 0x14, 0xed, 0x88, 0x72, 0x7b, 0xdd, 0x0e, 0x8d, 0xfc, 0x19, 0x01, 0x2f, 0x1f, 0x21, 0x75,
    0xeb, 0xa7, 0xee, 0x3a, 0x71, 0x02, 0x62, 0x75, 0xe2, 0xc4, 0x5d, 0x90, 0x26, 0x80, 0xd3, 0x69,
    0x2f, 0x3e, 0xdf, 0xa2, 0x56, 0x85, 0x97, 0xbb, 0x1b, 0x0a, 0xbb, 0xe6, 0x10, 0xa8, 0xdf, 0x85,
    0x40, 0xd5, 0xb7, 0xf9, 0x46, 0x0a, 0x6b, 0xa2, 0x26, 0x84, 0x40, 0x29, 0x0c, 0x05, 0x8a, 0x65,
    0x09, 0xb5, 0x1a, 0x3c, 0x81, 0x0d, 0x1c, 0x54, 0xf3, 0xe6, 0x8d, 0x84, 0x4e, 0xf5, 0x98, 0x00,
    0x52, 0xa7, 0x5f, 0xbd, 0x70, 0xf2, 0xd6, 0x64, 0x9c, 0x3c, 0xf5, 0xb5, 0x79, 0x7f, 0xac, 0xe6,
    0x38, 0x54, 0xa1, 0xc9, 0xf7, 0x2d, 0x04, 0xd4, 0x93, 0x68, 0x47, 0x5a, 0xed, 0xb3, 0x84, 0xc9,
    0x73, 0xbe, 0x5c, 0xa0, 0x14, 0x32, 0xa0, 0x58, 0xf3, 0xc4, 0xb0, 0x84, 0x5a, 0xe0, 0xc9, 0xe5,
    0xcd, 0x93, 0x3b, 0x2f, 0xa0, 0xea, 0xf0, 0x24, 0xe9, 0xd0, 0xe6, 0xd3, 0xf7, 0xa8, 0x3e, 0xcd,
    0x8e, 0xc6, 0x71, 0x02, 0xf3, 0x6b, 0xa7, 0x4e, 0x5d, 0xb8, 0x70, 0xf2, 0xe4, 0xc9, 0x0b, 0x17,
    0x4e, 0xbd, 0x7a, 0x1a, 0xac, 0xb4, 0x59, 0x7f, 0xac, 0x26, 0x4f, 0x70, 0x34, 0xb6, 0xc8, 0xe4,
    0x83, 0x40, 0xfd, 0x0c, 0xcd, 0xe6, 0x28, 0x12, 0xf3, 0xf9, 0xd8, 0xba, 0x44, 0x25, 0x81, 0x9a,
    0x0f, 0x39, 0xa4, 0x0e, 0x73, 0x99, 0x6f, 0xcc, 0x9d, 0x01, 0xa5, 0x30, 0x05, 0x8a, 0xdd, 0x64,
    0x6c, 0x0e, 0x4f, 0x3d, 0x0e, 0x3c, 0x59, 0x29, 0x7d, 0x22, 0xe0, 0x09, 0x8e, 0xc7, 0x32, 0x74,
    0x25, 0xba, 0xc8, 0x13, 0x6e, 0x8f, 0xe9, 0xa0, 0x89, 0x13, 0xb5, 0x23, 0x1d, 0xcb, 0x55, 0x12,
    0xf7, 0x34, 0xb8, 0x75, 0x5b, 0x6e, 0xc0, 0x93, 0x58, 0x1c, 0x8d, 0x45, 0x40, 0xfd, 0x0c, 0x01,
    0x45, 0x62, 0xf3, 0x55, 0xda, 0x06, 0x5f, 0x13, 0x28, 0x25, 0x01, 0xd4, 0x22, 0x4e, 0x29, 0xa6,
    0x52, 0x40, 0xb1, 0xe5, 0x89, 0x5d, 0x17, 0x2a, 0x27, 0xdf, 0xe3, 0xc5, 0x93, 0x4d, 0xc5, 0x13,
    0xb0, 0xf9, 0xe8, 0xa7, 0xf9, 0xba, 0xce, 0x53, 0x7c, 0x83, 0x42, 0xbc, 0x0a, 0x53, 0xb7, 0x9e,
    0xd4, 0xad, 0x1f, 0xa7, 0x79, 0xa7, 0x5c, 0x46, 0x26, 0x1f, 0x02, 0xea, 0x1f, 0x48, 0x5c, 0x09,
    0x32, 0xe3, 0xbc, 0x94, 0xa8, 0x30, 0x03, 0x54, 0xf6, 0x8c, 0xd9, 0x19, 0x51, 0x65, 0x40, 0x19,
    0xed, 0x67, 0x7c, 0x89, 0xfd, 0x4f, 0xb1, 0x5f, 0xce, 0x91, 0xa7, 0x21, 0x05, 0x4f, 0x92, 0x34,
    0xee, 0xb6, 0x2b, 0xc1, 0x8a, 0xa7, 0xc2, 0x51, 0x91, 0xda, 0x05, 0x1d, 0xf4, 0x24, 0xc2, 0x7c,
    0x93, 0x0f, 0x01, 0x45, 0xe2, 0x4a, 0x90, 0x1a, 0xe7, 0x65, 0x44, 0x2d, 0x02, 0x95, 0x77, 0xe8,
    0x51, 0x0d, 0xa0, 0x64, 0xb9, 0x3d, 0xd3, 0xbc, 0x49, 0x9e, 0x7a, 0x94, 0x3c, 0x61, 0x57, 0x22,
    0x14, 0x3c, 0x55, 0xf7, 0x24, 0xc2, 0x42, 0x4f, 0x02, 0x01, 0xf5, 0xc7, 0x04, 0xae, 0x04, 0x71,
    0xce, 0x17, 0x5f, 0x04, 0xb6, 0x1c, 0xa8, 0xfc, 0x63, 0xf9, 0x16, 0x80, 0x62, 0xcb, 0x13, 0xab,
    0x8c, 0x2f, 0xb9, 0x3f, 0x97, 0xe3, 0x7c, 0x84, 0x95, 0xd3, 0xd0, 0xad, 0xcf, 0x93, 0x04, 0x2d,
    0xab, 0xce, 0xba, 0x12, 0xdd, 0xe3, 0x29, 0x6f, 0xbb, 0x2e, 0xf6, 0x24, 0xfe, 0x32, 0x02, 0xea,
    0x6e, 0x32, 0x57, 0x82, 0x30, 0xe7, 0x93, 0x2b, 0x02, 0x55, 0x74, 0x70, 0x6c, 0xba, 0x86, 0x62,
    0x9b, 0xf0, 0x31, 0xca, 0xf8, 0x9a, 0xe2, 0x29, 0xb1, 0x21, 0x84, 0xc4, 0x2f, 0x9f, 0x5f, 0x69,
    0x03, 0x67, 0x25, 0x86, 0x82, 0xa7, 0x1a, 0x73, 0x12, 0x56, 0x81, 0x27, 0x81, 0x80, 0xc2, 0xae,
    0x84, 0xde, 0x54, 0xce, 0x57, 0x48, 0x54, 0x25, 0xa0, 0x06, 0xcb, 0x80, 0xa2, 0xe1, 0x89, 0x4d,
    0xc6, 0xd7, 0x28, 0x4f, 0x3d, 0x6a, 0x9e, 0xa2, 0x59, 0x09, 0x5f, 0xf0, 0x54, 0x7d, 0x4e, 0x62,
    0x67, 0x61, 0x4e, 0x62, 0x14, 0x7b, 0x12, 0x18, 0x28, 0x34, 0x2b, 0xe1, 0x36, 0x95, 0xf3, 0x15,
    0x26, 0x7d, 0x61, 0xd2, 0x36, 0x5f, 0xbc, 0xcf, 0xa6, 0x2a, 0x50, 0x34, 0x3c, 0xb1, 0xc9, 0xf8,
    0x1a, 0xe5, 0x29, 0xbd, 0x63, 0x83, 0x88, 0xa7, 0xe8, 0xb0, 0xcb, 0xa9, 0xe0, 0xa9, 0x5a, 0xec,
    0xc2, 0x33, 0xf9, 0x76, 0xf3, 0xe7, 0x24, 0x22, 0xa0, 0x7e, 0x97, 0xa8, 0x88, 0x32, 0x28, 0x25,
    0xca, 0xa8, 0x04, 0x54, 0xe6, 0xbe, 0x35, 0x47, 0x2d, 0x03, 0x8a, 0x8a, 0x27, 0x26, 0x19, 0x5f,
    0x9a, 0xa7, 0x61, 0x54, 0xdc, 0xb0, 0xe6, 0xc9, 0xb1, 0x92, 0x02, 0x15, 0xed, 0x28, 0x24, 0xe4,
    0x09, 0xef, 0xe0, 0xd0, 0x05, 0x4f, 0xe4, 0x6d, 0x5d, 0x3f, 0xf6, 0x24, 0x30, 0x50, 0x68, 0x56,
    0xc2, 0x92, 0xa5, 0x46, 0xe6, 0xf9, 0x8a, 0x89, 0x4a, 0x02, 0xa5, 0xa6, 0xef, 0x04, 0x4d, 0x10,
    0x55, 0x0a, 0x94, 0x41, 0x05, 0x14, 0xa8, 0x0a, 0xa9, 0x81, 0xca, 0x9c, 0x17, 0xc6, 0x95, 0x27,
    0x70, 0x82, 0xc4, 0x7c, 0xc7, 0x3b, 0x29, 0x4f, 0x92, 0x86, 0xee, 0x05, 0x1d, 0x0a, 0x9e, 0x2a,
    0x97, 0x50, 0x63, 0x29, 0x67, 0xef, 0xc6, 0x5f, 0xcd, 0x80, 0xea, 0x23, 0xa0, 0x46, 0x52, 0x33,
    0xf3, 0x7c, 0x85, 0x44, 0xa5, 0x80, 0x72, 0x16, 0xee, 0x75, 0x9f, 0x01, 0xa5, 0x96, 0x00, 0x45,
    0xc7, 0x13, 0x9a, 0xe3, 0x93, 0x69, 0x97, 0xfb, 0xfb, 0x4d, 0xf0, 0x34, 0xbb, 0xaf, 0x6d, 0x76,
    0x22, 0x0b, 0x05, 0x4f, 0x1d, 0x2d, 0xa2, 0xba, 0xc9, 0x13, 0xe8, 0x42, 0x65, 0x4b, 0x28, 0xd4,
    0xd6, 0xb5, 0xfb, 0x73, 0xa0, 0xfe, 0x81, 0xa8, 0x88, 0x22, 0xb7, 0x25, 0xf2, 0x89, 0x4a, 0x01,
    0xa5, 0x2e, 0x5c, 0x02, 0x1f, 0x13, 0xe5, 0x94, 0x00, 0x45, 0xc9, 0x13, 0x83, 0x8b, 0xd6, 0xb2,
    0xfa, 0xc4, 0x7c, 0xbf, 0x3b, 0xba, 0x4f, 0xcd, 0xb2, 0x32, 0x47, 0x86, 0x2d, 0x3b, 0x2f, 0xac,
    0x2c, 0x86, 0x1d, 0xec, 0x44, 0x75, 0x94, 0xa7, 0xdc, 0x2e, 0x54, 0x18, 0xb7, 0x75, 0x63, 0xa0,
    0x88, 0x8a, 0x28, 0x0a, 0x5b, 0x22, 0x9f, 0xa8, 0x34, 0x50, 0xce, 0x02, 0x50, 0x1e, 0x06, 0x4a,
    0x2d, 0x06, 0x8a, 0x92, 0x27, 0x06, 0x96, 0xc4, 0xec, 0xfe, 0xdc, 0x99, 0x9f, 0x1d, 0x1f, 0xb8,
    0xcc, 0x96, 0xa7, 0xb1, 0x95, 0x39, 0xd2, 0x92, 0x86, 0x27, 0x78, 0x7c, 0x2c, 0xe5, 0x69, 0x97,
    0x7c, 0x79, 0x42, 0x06, 0xac, 0x0e, 0x43, 0x81, 0x73, 0x43, 0x6d, 0xf2, 0xe4, 0xe7, 0xec, 0xd6,
    0x4d, 0x94, 0x50, 0x11, 0x50, 0xb8, 0x88, 0x32, 0x9a, 0xb3, 0x25, 0x72, 0x89, 0xca, 0x03, 0xca,
    0xf3, 0xd2, 0x12, 0xe5, 0x14, 0x03, 0x45, 0xcb, 0x13, 0xbd, 0x25, 0x21, 0x1b, 0xe1, 0x9c, 0xa7,
    0x1e, 0x07, 0x9e, 0x24, 0x43, 0xf1, 0xe0, 0xfd, 0xb9, 0x8b, 0x02, 0x45, 0xc9, 0x13, 0xbe, 0x69,
    0xb7, 0x53, 0xe3, 0x7c, 0x7a, 0x72, 0x02, 0x2f, 0xb4, 0x1c, 0xf8, 0xb2, 0xcf, 0x9f, 0x3f, 0x0d,
    0x8f, 0xf1, 0x51, 0x5d, 0xea, 0xc4, 0x9c, 0xe2, 0xf8, 0xda, 0x10, 0x0e, 0xf2, 0xd9, 0x85, 0x25,
    0x54, 0x04, 0x14, 0x2e, 0xa2, 0x74, 0xa9, 0x39, 0x5b, 0x62, 0x4e, 0x94, 0x51, 0x00, 0x14, 0x24,
    0x2a, 0x0b, 0x94, 0x5a, 0x08, 0x14, 0x35, 0x4f, 0x1a, 0xb5, 0x25, 0x21, 0x83, 0xe5, 0xae, 0x26,
    0x0f, 0x5c, 0xb6, 0x19, 0xf3, 0x04, 0x8e, 0x67, 0x8d, 0xef, 0xa3, 0x66, 0xc9, 0x13, 0xdc, 0x64,
    0x68, 0x75, 0x6a, 0x9c, 0x4f, 0x9f, 0x6b, 0x53, 0xa8, 0x9a, 0xa7, 0xaf, 0x3e, 0xf1, 0xf0, 0x83,
    0xfb, 0x51, 0x3c, 0xf8, 0xf0, 0x13, 0x57, 0xcf, 0x83, 0xd3, 0x4a, 0x29, 0xdf, 0x14, 0xf9, 0x1f,
    0x15, 0x9e, 0x20, 0xb6, 0xb8, 0xb9, 0x70, 0x34, 0x2f, 0xa1, 0x62, 0xa0, 0x88, 0x8a, 0x28, 0x34,
    0x2d, 0xa1, 0xb1, 0x23, 0xaa, 0x02, 0x50, 0x4e, 0x21, 0x50, 0xd4, 0x3c, 0x31, 0xf0, 0xcc, 0x81,
    0x40, 0x0d, 0x12, 0x05, 0x54, 0x8f, 0x35, 0x4f, 0xe0, 0x81, 0x47, 0x37, 0xc8, 0x2f, 0xdc, 0x59,
    0x43, 0xcb, 0x93, 0x34, 0xed, 0x96, 0x71, 0xae, 0x27, 0x52, 0xe8, 0xf3, 0x2f, 0x3c, 0xbc, 0x7f,
    0x21, 0xbe, 0xf7, 0xc1, 0x79, 0xd0, 0x39, 0x33, 0xda, 0xe0, 0x29, 0xd7, 0x34, 0x77, 0xe7, 0x25,
    0x54, 0x0c, 0x14, 0x1a, 0xe7, 0xb3, 0xa4, 0x66, 0x25, 0x6a, 0x91, 0xa8, 0x05, 0xa0, 0x00, 0x51,
    0x19, 0xa0, 0xd4, 0x02, 0xa0, 0x0c, 0x7a, 0x9e, 0xe8, 0x3d, 0x73, 0xd9, 0xb0, 0x91, 0x5f, 0x90,
    0xb9, 0x50, 0x8d, 0x15, 0x4f, 0x12, 0x70, 0xf8, 0x36, 0x16, 0x80, 0xb2, 0x58, 0xf0, 0xd4, 0x31,
    0xe3, 0x7c, 0x12, 0xab, 0x93, 0x1b, 0x9c, 0x7f, 0x02, 0x4a, 0xd3, 0x63, 0x77, 0x9e, 0x3d, 0x7b,
    0x13, 0x8e, 0xb3, 0x5f, 0xbf, 0x13, 0x32, 0xf5, 0x70, 0x60, 0x92, 0xff, 0x99, 0x5d, 0x9a, 0xb3,
    0xd2, 0xa0, 0x69, 0x9e, 0x77, 0xe0, 0xd1, 0x5f, 0xa6, 0x80, 0xc2, 0xe3, 0x7c, 0x1a, 0x89, 0x44,
    0x29, 0x0c, 0x88, 0x32, 0x0a, 0x81, 0x4a, 0x99, 0x12, 0x1b, 0x4e, 0x01, 0x50, 0xf4, 0x38, 0xb1,
    0x10, 0x28, 0xd9, 0xf8, 0xbf, 0x41, 0xf6, 0xc2, 0x4f, 0x86, 0x3c, 0xcd, 0x24, 0x30, 0x7d, 0xe7,
    0x27, 0x3d, 0x4f, 0xd0, 0x38, 0xef, 0xce, 0x16, 0x0e, 0x37, 0x5e, 0x5c, 0xce, 0xe9, 0x27, 0x20,
    0x4d, 0x5f, 0xbf, 0x69, 0x21, 0xce, 0x42, 0xa6, 0x1e, 0x3e, 0x1f, 0x84, 0x72, 0xd3, 0x3c, 0xe1,
    0xad, 0x1b, 0xb9, 0xa6, 0xf9, 0xcf, 0x52, 0x40, 0xe1, 0x71, 0xbe, 0xb0, 0x69, 0x89, 0x4a, 0x13,
    0xb5, 0x08, 0x94, 0x9a, 0xb1, 0xcd, 0xd5, 0x5c, 0xa0, 0x0c, 0x16, 0x3c, 0x31, 0x18, 0xe3, 0x83,
    0x0a, 0xa5, 0xa6, 0x2f, 0xa4, 0x66, 0xcb, 0x13, 0x54, 0xa8, 0x41, 0x74, 0x4d, 0xc2, 0xec, 0x4e,
    0x6a, 0x16, 0x3c, 0x81, 0x45, 0xb6, 0xd3, 0x99, 0x9c, 0x6f, 0x18, 0x9f, 0x83, 0x1e, 0x5c, 0x05,
    0xea, 0x74, 0xe7, 0xd9, 0x9b, 0xf2, 0x02, 0x22, 0xf5, 0x01, 0x38, 0x51, 0x4f, 0x6e, 0x96, 0x27,
    0x90, 0xf1, 0xfd, 0x8b, 0x39, 0xc8, 0x33, 0xcd, 0x7f, 0xab, 0x9f, 0x06, 0x8a, 0xcc, 0x38, 0x47,
    0x13, 0xb2, 0x34, 0x12, 0x95, 0x42, 0x2a, 0x03, 0x54, 0x52, 0xa2, 0x36, 0xd2, 0x02, 0x35, 0x07,
    0xca, 0x60, 0xc2, 0x13, 0x12, 0x28, 0x99, 0x5e, 0x40, 0x9c, 0xb4, 0x59, 0xc0, 0x96, 0x27, 0x80,
    0x2c, 0xbe, 0x15, 0x27, 0x11, 0x2a, 0x13, 0x9e, 0xa2, 0x7d, 0xf0, 0x9d, 0xc8, 0xf9, 0x70, 0x81,
    0x02, 0x2e, 0x45, 0x04, 0xf2, 0xf4, 0x58, 0x3e, 0x4e, 0x11, 0x52, 0x0f, 0x9f, 0x77, 0xea, 0x7f,
    0x08, 0xba, 0x74, 0xa7, 0xe3, 0x66, 0x33, 0x3e, 0xc9, 0x87, 0xef, 0xe1, 0x5b, 0x0b, 0x40, 0x3d,
    0x49, 0xb2, 0x85, 0x83, 0x81, 0x44, 0x25, 0x88, 0x32, 0x32, 0x40, 0x61, 0xa2, 0x36, 0x62, 0x9e,
    0x06, 0x39, 0x87, 0xb4, 0xb0, 0xe2, 0x49, 0xd1, 0x98, 0x8c, 0xf1, 0x79, 0x81, 0x95, 0xba, 0x9d,
    0x89, 0x2d, 0x4f, 0xb8, 0x4a, 0x1b, 0xa7, 0xee, 0xfe, 0x61, 0xc3, 0x53, 0x87, 0x72, 0xbe, 0x69,
    0xf4, 0xfb, 0x9c, 0x07, 0x5e, 0xc4, 0x9d, 0x37, 0x95, 0xc4, 0x59, 0xe0, 0xf9, 0x79, 0xb5, 0xaf,
    0x53, 0xa5, 0xfb, 0x23, 0xa2, 0x8c, 0x6f, 0xba, 0xd0, 0x73, 0x40, 0x6f, 0xe2, 0xc9, 0x05, 0xa0,
    0xb0, 0x71, 0x4e, 0x92, 0xf3, 0x29, 0x94, 0x12, 0x25, 0x97, 0x02, 0x95, 0x1c, 0x8e, 0x75, 0xca,
    0x80, 0xa2, 0xfb, 0x1d, 0xd8, 0x6c, 0x84, 0x42, 0x7d, 0x28, 0x8e, 0x3c, 0xe1, 0x3e, 0x94, 0x9a,
    0xbc, 0x4a, 0x8b, 0x11, 0x4f, 0x60, 0xa1, 0x75, 0xc4, 0xe7, 0x1b, 0xc6, 0x3c, 0x3d, 0xb8, 0xff,
    0xbf, 0xce, 0xde, 0x54, 0x1e, 0x40, 0xa4, 0xae, 0x06, 0xf5, 0xde, 0x1b, 0x1d, 0x4f, 0xc8, 0xe3,
    0x5b, 0xbc, 0xac, 0x5a, 0x47, 0xef, 0xa2, 0xbf, 0x08, 0xd4, 0x0f, 0xc9, 0x72, 0x3e, 0x06, 0x12,
    0x35, 0x43, 0x2a, 0x0b, 0x54, 0x82, 0xa8, 0xc4, 0x90, 0x44, 0x1e, 0x50, 0x94, 0xbf, 0x81, 0xa6,
    0x29, 0x6c, 0x76, 0x16, 0xba, 0x31, 0x51, 0x5c, 0x78, 0x82, 0x93, 0x12, 0x33, 0xa2, 0xe0, 0x83,
    0x62, 0xc6, 0x13, 0xf4, 0xf9, 0xfe, 0xa5, 0x0b, 0x39, 0xdf, 0xee, 0x8c, 0xa7, 0xc7, 0x6e, 0x5a,
    0x1a, 0x90, 0x28, 0x4f, 0x69, 0x8c, 0x27, 0x78, 0x3c, 0x4b, 0x36, 0xe3, 0x7b, 0x1f, 0xbe, 0x8c,
    0x1f, 0x66, 0x80, 0x22, 0xcf, 0xf9, 0xa8, 0x7a, 0x51, 0x49, 0xa4, 0xf2, 0x81, 0x9a, 0x6f, 0x84,
    0x2a, 0x06, 0x8a, 0xfa, 0xe7, 0xb3, 0xa8, 0xa0, 0x52, 0x44, 0xe1, 0xfb, 0xdd, 0x59, 0xf3, 0x34,
    0xbf, 0xeb, 0x7d, 0x8c, 0x1e, 0x13, 0x3b, 0x9e, 0x24, 0xb9, 0x1b, 0x47, 0xb5, 0xa0, 0xa3, 0x4d,
    0x0c, 0xff, 0xf4, 0xc3, 0x55, 0x78, 0x82, 0x44, 0x3d, 0x18, 0x38, 0x72, 0x53, 0x3c, 0xf5, 0x2e,
    0xc1, 0x8c, 0x6f, 0x52, 0x96, 0xf1, 0xcd, 0x81, 0x22, 0xf5, 0xf9, 0x90, 0x44, 0x29, 0x4c, 0x88,
    0xca, 0x01, 0x2a, 0x49, 0x94, 0x5a, 0x04, 0x14, 0xf5, 0x0f, 0x67, 0x25, 0x50, 0x31, 0x51, 0x16,
    0x37, 0x9e, 0xd0, 0xbc, 0x17, 0x9a, 0x3e, 0x62, 0xcc, 0x53, 0x94, 0xf3, 0x5d, 0xea, 0xc2, 0x08,
    0x1f, 0xb8, 0x85, 0xa6, 0x22, 0x4f, 0x88, 0xa8, 0xf3, 0x95, 0xaf, 0x8e, 0x71, 0xa9, 0xef, 0xc0,
    0xca, 0xe9, 0xea, 0x86, 0x90, 0x9b, 0xcf, 0xf6, 0xb3, 0x40, 0x6d, 0x91, 0xe6, 0x7c, 0x06, 0x0b,
    0x89, 0x82, 0x48, 0x95, 0x03, 0xe5, 0x14, 0x00, 0xc5, 0xe0, 0x47, 0x2b, 0x3a, 0xcb, 0xf3, 0x97,
    0x5d, 0x70, 0xd5, 0x98, 0x8a, 0x6e, 0x1c, 0xe3, 0xc0, 0x53, 0x94, 0xf5, 0xc1, 0x4b, 0x56, 0xc1,
    0xd5, 0x5b, 0x0c, 0x79, 0x8a, 0xe6, 0xf9, 0xfc, 0x2e, 0x08, 0x54, 0xf0, 0xc2, 0xfe, 0xfd, 0x37,
    0x55, 0x8c, 0xc7, 0xf6, 0x3f, 0x6c, 0xea, 0x72, 0x23, 0x3c, 0xe5, 0xce, 0xf1, 0x61, 0x8f, 0xef,
    0x87, 0x39, 0x40, 0x3d, 0x89, 0xd6, 0xa9, 0x42, 0x24, 0x51, 0x23, 0x85, 0xc1, 0xb2, 0x96, 0xf3,
    0x80, 0x9a, 0x13, 0x95, 0x7f, 0x14, 0x33, 0x93, 0x1f, 0x3c, 0x62, 0x79, 0xc7, 0x1a, 0xc8, 0x1f,
    0x9d, 0x01, 0xfc, 0xad, 0x55, 0x4d, 0xe6, 0xc0, 0x13, 0xfa, 0x04, 0x53, 0xf1, 0x0d, 0x72, 0x21,
    0x53, 0x60, 0x6d, 0xb8, 0x11, 0x3e, 0x6c, 0xbf, 0x82, 0x92, 0xad, 0xf3, 0xfb, 0xf7, 0x9f, 0xad,
    0x0a, 0xd4, 0x4d, 0xfb, 0xf7, 0xbf, 0xe0, 0xc9, 0x8d, 0xf0, 0x34, 0x04, 0x3b, 0x37, 0x32, 0x37,
    0x81, 0x2e, 0x64, 0x7c, 0x09, 0xa0, 0xfa, 0x47, 0xe1, 0x3a, 0x75, 0xc9, 0x24, 0x4a, 0xe7, 0x0e,
    0x94, 0xc3, 0x0f, 0x28, 0xc6, 0x97, 0x80, 0xa2, 0xdb, 0x50, 0xdd, 0x10, 0xfe, 0x66, 0x92, 0xc4,
    0x87, 0x28, 0x43, 0xf9, 0xd0, 0xf7, 0x75, 0x83, 0xad, 0x00, 0xea, 0xed, 0xb7, 0xa2, 0x90, 0xc5,
    0xa7, 0x81, 0x84, 0xef, 0xce, 0xca, 0x3c, 0x01, 0xf7, 0xfc, 0xc1, 0xf3, 0xbe, 0xdc, 0x00, 0x4f,
    0xb8, 0x09, 0xb5, 0xb8, 0x73, 0x63, 0x21, 0xe3, 0x4b, 0x02, 0x75, 0x0c, 0xae, 0x53, 0x8b, 0x68,
    0x64, 0x93, 0x4d, 0xd2, 0x97, 0x0b, 0x54, 0x44, 0x94, 0xa3, 0x72, 0x03, 0xca, 0x60, 0xe5, 0x48,
    0x24, 0x88, 0x42, 0x21, 0x71, 0x0b, 0x39, 0xb2, 0x62, 0xd8, 0x7e, 0xd3, 0xf6, 0x5b, 0x51, 0xb0,
    0x84, 0x97, 0x9d, 0xab, 0xd5, 0x13, 0x3e, 0x5c, 0x46, 0x3d, 0x11, 0x18, 0x0d, 0xf0, 0x84, 0x9a,
    0x50, 0x8b, 0x7b, 0x75, 0x25, 0x34, 0xae, 0xf2, 0xbb, 0xb9, 0x40, 0x1d, 0x44, 0x0b, 0x55, 0x93,
    0xda, 0xf2, 0x25, 0x0a, 0x80, 0x52, 0xe1, 0x89, 0x62, 0x8e, 0xca, 0x0f, 0x28, 0x76, 0x8e, 0x44,
    0x93, 0xc1, 0xe1, 0x37, 0x6e, 0xbf, 0x15, 0xa5, 0x20, 0x81, 0xfa, 0xde, 0xfe, 0xaf, 0xd7, 0x01,
    0x0a, 0x24, 0x7d, 0xcb, 0x25, 0x8a, 0x01, 0x4f, 0xc8, 0x92, 0x58, 0x1c, 0x3b, 0xd2, 0x50, 0xc6,
    0x77, 0x77, 0x2e, 0x50, 0x38, 0xe7, 0xf3, 0xc9, 0xb2, 0x7a, 0xb2, 0xbb, 0x38, 0x2a, 0x01, 0x05,
    0x91, 0x52, 0xf9, 0x01, 0xc5, 0xfa, 0xd6, 0xf7, 0xd5, 0x0d, 0xad, 0x6d, 0x5b, 0x02, 0x66, 0x7c,
    0x86, 0x5a, 0x53, 0xa0, 0xb0, 0x44, 0xc9, 0xdc, 0x79, 0xc2, 0x96, 0xc4, 0x62, 0x06, 0xe7, 0x2e,
    0x64, 0x7c, 0x29, 0xa0, 0x70, 0xce, 0x27, 0x93, 0x49, 0x14, 0x83, 0xa4, 0x2f, 0x24, 0xb8, 0x1f,
    0x4a, 0x61, 0xd1, 0x82, 0x32, 0x04, 0x50, 0x91, 0x2d, 0x01, 0x8e, 0x96, 0xd0, 0xdb, 0xdd, 0xb6,
    0xa1, 0xd4, 0xab, 0xa0, 0xa2, 0x2a, 0xca, 0x2c, 0x1f, 0x3c, 0x67, 0xc1, 0x13, 0x98, 0x92, 0x00,
    0x73, 0x30, 0x0b, 0x96, 0x84, 0x6c, 0x2d, 0x64, 0x7c, 0x29, 0xa0, 0x70, 0xce, 0x17, 0x12, 0x55,
    0x0d, 0x2c, 0x92, 0x3e, 0x08, 0x54, 0x50, 0x15, 0x28, 0x8b, 0x11, 0x50, 0xab, 0x99, 0xf0, 0xf1,
    0x09, 0x64, 0x4b, 0xb4, 0x28, 0x51, 0x1a, 0x9c, 0x31, 0x3f, 0x5f, 0x57, 0xa0, 0xa0, 0x75, 0x7e,
    0x55, 0x35, 0x38, 0xf3, 0x04, 0x05, 0xaa, 0xc0, 0x92, 0x48, 0x66, 0x7c, 0x29, 0xa0, 0xfa, 0x87,
    0x48, 0x6d, 0x09, 0x36, 0x4e, 0x1f, 0x06, 0xca, 0xaa, 0x08, 0xd4, 0xd8, 0x64, 0x01, 0x94, 0x26,
    0x12, 0xbe, 0xd4, 0xb4, 0x44, 0xab, 0xce, 0x39, 0x78, 0x11, 0x86, 0xf3, 0x42, 0x5d, 0x81, 0xba,
    0xe9, 0xa6, 0xaf, 0x83, 0x5e, 0x94, 0xcc, 0x99, 0x27, 0xe0, 0x99, 0x83, 0xcf, 0x9b, 0x49, 0x9e,
    0x25, 0xf1, 0xc3, 0x7e, 0x11, 0x50, 0xb7, 0x11, 0xdb, 0x12, 0x4c, 0x9c, 0x3e, 0x08, 0x94, 0xa9,
    0x56, 0x05, 0xca, 0x61, 0x01, 0x94, 0x22, 0x12, 0xbe, 0xd4, 0x07, 0xae, 0xe7, 0xb5, 0xe8, 0x9c,
    0xc3, 0x12, 0x4a, 0x06, 0x19, 0xdf, 0xd9, 0xba, 0x40, 0xdd, 0x04, 0x72, 0x3e, 0x9d, 0x2f, 0x4f,
    0xbd, 0x09, 0x3a, 0xed, 0x48, 0xc9, 0xb3, 0x24, 0x9e, 0x2c, 0x04, 0x8a, 0xdc, 0x96, 0x60, 0xd2,
    0xde, 0x45, 0x40, 0x79, 0xd5, 0x24, 0x0a, 0x67, 0x7c, 0xd4, 0x40, 0x8d, 0x44, 0xc2, 0x97, 0x75,
    0xce, 0xc3, 0x16, 0x77, 0xea, 0x6a, 0xe6, 0x83, 0xb5, 0x33, 0x3e, 0x98, 0xf3, 0x79, 0xb6, 0xcc,
    0x95, 0x27, 0x20, 0x50, 0xd9, 0xad, 0xba, 0x78, 0x4a, 0xe2, 0xb3, 0xfd, 0x62, 0xa0, 0x8e, 0x91,
    0x4e, 0x4b, 0x44, 0x49, 0x9f, 0x42, 0x0f, 0x14, 0x90, 0xa8, 0x71, 0x15, 0x4b, 0x02, 0x7d, 0x2d,
    0x2d, 0x50, 0x9a, 0x26, 0x12, 0xbe, 0x05, 0xe7, 0x1c, 0x1c, 0xd0, 0xd7, 0x96, 0x44, 0xc1, 0xea,
    0x9d, 0xa4, 0x84, 0x82, 0x3e, 0xdf, 0x0b, 0x45, 0x45, 0x14, 0xa3, 0xbe, 0x1a, 0xb4, 0x3f, 0x37,
    0x17, 0xc7, 0xf8, 0x94, 0x8c, 0x25, 0xb1, 0x08, 0x14, 0xb6, 0x25, 0x5c, 0x89, 0x34, 0xe9, 0x1b,
    0x31, 0x00, 0x2a, 0xd8, 0x5e, 0xaa, 0x51, 0xf0, 0x2b, 0x4c, 0x06, 0x40, 0x21, 0xc7, 0x5c, 0x00,
    0x95, 0x5c, 0x22, 0x48, 0xa2, 0x26, 0xad, 0x9d, 0x75, 0x24, 0xdb, 0x57, 0xeb, 0x97, 0x50, 0xb0,
    0x88, 0x7a, 0xa2, 0x60, 0xfc, 0x88, 0x11, 0x4f, 0x48, 0xa0, 0x16, 0xef, 0xd5, 0xc5, 0x9e, 0x79,
    0xca, 0x92, 0x58, 0x04, 0xaa, 0xbf, 0x45, 0xec, 0x9c, 0x33, 0x20, 0x4a, 0xc7, 0x94, 0x24, 0x76,
    0xd0, 0x15, 0x06, 0xd6, 0x27, 0xd3, 0x74, 0x3b, 0x55, 0x40, 0xed, 0x01, 0x36, 0xfd, 0xc0, 0x69,
    0x4d, 0xa2, 0x76, 0x61, 0x17, 0xea, 0x03, 0x12, 0xa0, 0xce, 0x16, 0xb9, 0x12, 0xac, 0xe6, 0x3e,
    0xa0, 0x40, 0x99, 0x8e, 0x96, 0xe7, 0x99, 0xff, 0xb0, 0x5f, 0x06, 0x14, 0xb9, 0x73, 0xce, 0xa0,
    0x1b, 0xa5, 0xd9, 0x11, 0x26, 0x9e, 0x53, 0xae, 0x50, 0xe8, 0x1c, 0x51, 0xc4, 0x9e, 0x4b, 0x39,
    0x72, 0x24, 0x12, 0xbe, 0xec, 0x95, 0xf0, 0xad, 0x55, 0x51, 0x0a, 0x34, 0xf9, 0x9e, 0x20, 0x03,
    0xea, 0x7b, 0xa6, 0xc1, 0x91, 0x27, 0x28, 0x50, 0x6a, 0x66, 0xce, 0x3c, 0xcc, 0x11, 0xa8, 0x45,
    0xa0, 0x22, 0xe7, 0x9c, 0x50, 0xa2, 0x28, 0x8d, 0x09, 0x30, 0xd9, 0x51, 0x33, 0xd4, 0x50, 0x18,
    0x12, 0xec, 0xe7, 0x8f, 0xda, 0x92, 0x28, 0x00, 0x94, 0xec, 0x3d, 0x51, 0x73, 0xee, 0x68, 0x66,
    0xf3, 0x29, 0xfc, 0x78, 0x82, 0x3b, 0x75, 0xfd, 0xcc, 0xd4, 0x11, 0x16, 0xa8, 0x7f, 0xe8, 0x97,
    0x03, 0x85, 0x9d, 0x73, 0x5d, 0x92, 0xda, 0x30, 0x26, 0x42, 0xb5, 0x1e, 0x4f, 0x3b, 0xae, 0x22,
    0x0c, 0x89, 0xbd, 0x23, 0x51, 0x11, 0x50, 0x67, 0x59, 0x01, 0xc5, 0x8c, 0xa7, 0xfc, 0x0a, 0x4a,
    0xcf, 0x7a, 0xe6, 0x39, 0x40, 0x61, 0xe7, 0xdc, 0x96, 0x24, 0xe2, 0x32, 0x8a, 0x82, 0x28, 0xc5,
    0xf5, 0x6a, 0x01, 0x65, 0xeb, 0x94, 0x3c, 0x09, 0xa0, 0xba, 0x64, 0xf4, 0x31, 0x56, 0x28, 0x76,
    0x73, 0xf3, 0xd3, 0xbc, 0x0a, 0x0a, 0x37, 0x75, 0x3f, 0xdb, 0x5f, 0x06, 0xd4, 0x61, 0x1a, 0x89,
    0xc2, 0x44, 0x51, 0x9c, 0xd7, 0x5f, 0x8b, 0x28, 0x6b, 0x42, 0x39, 0x21, 0x21, 0x78, 0x2a, 0x34,
    0xfa, 0xc2, 0x95, 0xab, 0xa1, 0x14, 0x6e, 0x3c, 0x21, 0x81, 0x3a, 0x97, 0x2f, 0x50, 0x7f, 0xbc,
    0x14, 0x28, 0x2c, 0x51, 0x96, 0xd4, 0x0e, 0x51, 0x8a, 0x6b, 0x07, 0x15, 0x71, 0x72, 0xfc, 0x90,
    0x8e, 0x27, 0x31, 0x21, 0x51, 0x28, 0x51, 0xed, 0x4c, 0xf4, 0xe9, 0x10, 0x28, 0x56, 0x2e, 0x1f,
    0xc3, 0xdf, 0x3f, 0xcc, 0xeb, 0x41, 0x15, 0x08, 0x54, 0x0e, 0x50, 0x74, 0x12, 0x85, 0x89, 0xa2,
    0xb1, 0xde, 0x5c, 0xd7, 0x1f, 0x2e, 0x0f, 0xdf, 0x9d, 0xd0, 0xd4, 0x4f, 0x62, 0xe2, 0xa8, 0x54,
    0xa2, 0xac, 0x56, 0x86, 0xce, 0x61, 0x1f, 0xca, 0xba, 0x4a, 0x06, 0xd4, 0xe2, 0x06, 0x0e, 0x86,
    0x3c, 0x81, 0x7d, 0x50, 0x60, 0x8a, 0xcf, 0xaf, 0x26, 0x50, 0x39, 0x40, 0x5d, 0xa7, 0xaa, 0xa2,
    0xf0, 0x45, 0xa1, 0x54, 0xed, 0x28, 0xa5, 0x52, 0xd0, 0x36, 0xa0, 0x84, 0x21, 0x21, 0x15, 0x4f,
    0xf4, 0x05, 0x6e, 0x1b, 0x5b, 0x77, 0xc1, 0xe4, 0xa9, 0xec, 0x07, 0x55, 0xcf, 0x3b, 0x4a, 0x4f,
    0x4a, 0x7c, 0xe0, 0x18, 0x7c, 0xf2, 0x3d, 0x74, 0xa9, 0xae, 0x9d, 0x99, 0xe2, 0x8b, 0x04, 0xea,
    0x7a, 0x05, 0xa0, 0xa8, 0x25, 0x8a, 0xcd, 0xe6, 0x28, 0x8e, 0x21, 0x78, 0x5a, 0xf2, 0x06, 0x2d,
    0xb8, 0x2f, 0xaa, 0x79, 0x5f, 0x02, 0x8a, 0x80, 0x6e, 0xee, 0x27, 0x9a, 0xe5, 0xbb, 0x9a, 0x6a,
    0xf5, 0xb0, 0xcc, 0x57, 0xc1, 0x67, 0x4b, 0x98, 0x1d, 0x33, 0x2f, 0x12, 0xa8, 0x3c, 0xa0, 0x0e,
    0xd2, 0x55, 0x51, 0x0c, 0x34, 0x4a, 0xf0, 0xd4, 0x6e, 0xec, 0x6e, 0xc0, 0x5b, 0x18, 0x9a, 0x1f,
    0x40, 0x22, 0x9f, 0x36, 0xdf, 0x7f, 0x3a, 0xe4, 0xc4, 0x13, 0x70, 0x24, 0x14, 0x2b, 0x73, 0x5a,
    0x6c, 0x24, 0x50, 0x07, 0x2b, 0x01, 0x45, 0x2b, 0x51, 0x98, 0x28, 0xdd, 0xe8, 0x28, 0x4f, 0x9a,
    0xe0, 0x49, 0x5a, 0xbe, 0x75, 0xb7, 0x95, 0xee, 0xae, 0x42, 0xe8, 0x4a, 0x40, 0x4f, 0xc2, 0xe0,
    0x93, 0xef, 0xc1, 0x6d, 0x1b, 0xae, 0xb9, 0xb8, 0x51, 0x57, 0xd2, 0x11, 0x22, 0x39, 0x02, 0x95,
    0x0b, 0x54, 0x64, 0xf4, 0xc9, 0x7b, 0x92, 0x28, 0xc1, 0x53, 0xe5, 0xee, 0xae, 0xde, 0x86, 0x2b,
    0x01, 0x8a, 0xa8, 0xfd, 0x24, 0x25, 0x94, 0xcc, 0x45, 0x9f, 0xa0, 0x40, 0xfd, 0xc2, 0xc9, 0x0c,
    0x1d, 0xc9, 0x68, 0x7c, 0xfb, 0x68, 0xbf, 0x2a, 0x50, 0x87, 0x69, 0x26, 0xfa, 0x22, 0xa2, 0xd8,
    0x1c, 0x84, 0xc4, 0x9e, 0x27, 0x31, 0x70, 0x54, 0xdd, 0x3a, 0x77, 0x5b, 0x28, 0xa2, 0x14, 0x70,
    0xe8, 0xd1, 0xd9, 0xda, 0x19, 0xdf, 0x79, 0x57, 0xe6, 0xc2, 0x13, 0x76, 0x24, 0x32, 0x3d, 0xdd,
    0x10, 0x01, 0x72, 0xb8, 0x32, 0x50, 0xd1, 0x44, 0x9f, 0xb1, 0xf7, 0x88, 0x12, 0x3c, 0x55, 0xde,
    0x0c, 0xaf, 0x6a, 0xcd, 0x27, 0x7d, 0x32, 0x3c, 0x96, 0xef, 0x85, 0xba, 0x3e, 0xdf, 0x9d, 0x20,
    0xe3, 0x53, 0xb8, 0xe4, 0x7b, 0x91, 0x23, 0xe1, 0xe6, 0x0a, 0xd4, 0xa1, 0x7e, 0x75, 0xa0, 0xf0,
    0x44, 0x9f, 0x2f, 0xed, 0x35, 0xa2, 0x46, 0x9a, 0xe8, 0x3f, 0xd5, 0xf1, 0x25, 0xc2, 0x16, 0x72,
    0xbe, 0xf0, 0xf4, 0x83, 0x35, 0x25, 0x6a, 0xff, 0x7e, 0xef, 0x2d, 0x83, 0x8b, 0x3e, 0xa1, 0x29,
    0xf3, 0xac, 0x23, 0xe1, 0x22, 0x3c, 0x6e, 0xab, 0x01, 0x14, 0x96, 0x28, 0xb2, 0xd3, 0x25, 0x92,
    0x44, 0x8d, 0xb4, 0x8e, 0xd9, 0x7b, 0x82, 0xa7, 0xaa, 0x31, 0x84, 0x23, 0x7d, 0x4d, 0x27, 0x7d,
    0xe8, 0x54, 0x09, 0xef, 0x83, 0x7a, 0x12, 0x95, 0x14, 0x28, 0xc6, 0xf3, 0x1d, 0x3a, 0x9a, 0x32,
    0xdf, 0x5d, 0x78, 0x34, 0x9a, 0x5a, 0x2c, 0x50, 0x45, 0x40, 0xe1, 0x7d, 0x51, 0x36, 0x5d, 0xda,
    0x00, 0x89, 0x1a, 0x75, 0xcd, 0x2e, 0x17, 0x3c, 0xd5, 0x99, 0x97, 0x68, 0x3a, 0xe9, 0x43, 0x07,
    0x89, 0x81, 0x63, 0x25, 0xbe, 0x5e, 0xc7, 0xe2, 0xdb, 0x1f, 0xc4, 0xfb, 0xdf, 0x19, 0xf3, 0x8f,
    0x13, 0xbe, 0x4c, 0xa2, 0x66, 0x23, 0x38, 0x0e, 0xd6, 0x02, 0x2a, 0x3a, 0x5d, 0x42, 0xa7, 0xbd,
    0x26, 0x42, 0xeb, 0x4e, 0xda, 0xa7, 0x09, 0x9e, 0xa4, 0x7a, 0x87, 0xf4, 0xb5, 0x90, 0xf4, 0xf9,
    0xf5, 0x0f, 0x37, 0x7f, 0x0c, 0x8c, 0x1d, 0x29, 0x5c, 0xf4, 0x09, 0xb7, 0xa0, 0x32, 0x33, 0x12,
    0xd8, 0x32, 0x3f, 0xd6, 0xaf, 0x07, 0x14, 0x96, 0x28, 0x4b, 0xa6, 0x25, 0xaa, 0x33, 0x85, 0x14,
    0xb6, 0x23, 0x04, 0x4f, 0x35, 0x9a, 0x51, 0x3b, 0x4e, 0xf3, 0x49, 0xdf, 0x6e, 0x74, 0xfd, 0xc6,
    0x63, 0xd5, 0x13, 0xbe, 0xd9, 0xe5, 0x1b, 0xac, 0xe7, 0x79, 0x51, 0xc2, 0x97, 0x69, 0x41, 0x61,
    0x47, 0x42, 0xbd, 0xbb, 0x26, 0x50, 0x91, 0x75, 0xee, 0x4a, 0x94, 0xf7, 0x50, 0x74, 0xa4, 0x90,
    0x12, 0xe5, 0xd3, 0x8a, 0x24, 0x7d, 0xa8, 0x8a, 0xf2, 0xc1, 0x0d, 0xbb, 0x77, 0x56, 0x4e, 0xf8,
    0xbc, 0xa8, 0x07, 0xc5, 0x1a, 0xfd, 0x29, 0x4a, 0xf8, 0x7a, 0x52, 0xae, 0x23, 0x71, 0xb8, 0x5f,
    0x17, 0x28, 0xdc, 0xdd, 0xa5, 0xf2, 0x25, 0x66, 0x07, 0x60, 0x8e, 0x14, 0x91, 0xee, 0xad, 0x6c,
    0xd2, 0xa7, 0x0f, 0x1b, 0x3f, 0xdf, 0x5c, 0x56, 0x83, 0x8a, 0x44, 0x01, 0x9e, 0x5e, 0x88, 0x12,
    0x3e, 0xd6, 0xfa, 0x04, 0xfe, 0xe8, 0xc0, 0xe1, 0xcb, 0x24, 0x7c, 0xd8, 0x91, 0x38, 0xda, 0xaf,
    0x0f, 0xd4, 0x6d, 0x2c, 0x92, 0xbe, 0x38, 0xed, 0x6b, 0x55, 0xa4, 0x8c, 0x91, 0x26, 0x78, 0x22,
    0x74, 0xfa, 0xc2, 0xc6, 0x67, 0xfa, 0xe0, 0x47, 0xb8, 0xe2, 0x81, 0x32, 0xea, 0xce, 0x4a, 0x3c,
    0x7d, 0x60, 0x8e, 0x64, 0x1e, 0xfa, 0x04, 0x0b, 0x28, 0x7b, 0x33, 0xe3, 0xf0, 0x45, 0x09, 0xdf,
    0x6d, 0x04, 0x40, 0xe1, 0x23, 0xc5, 0x68, 0xe6, 0x25, 0x12, 0x69, 0x5f, 0x9b, 0x22, 0xa5, 0x89,
    0x74, 0x8f, 0x30, 0x5e, 0xde, 0x36, 0x41, 0x7b, 0xb7, 0xe1, 0xbd, 0x86, 0x43, 0xb9, 0x32, 0x51,
    0x77, 0xee, 0xdf, 0xff, 0x44, 0x74, 0xc1, 0x2e, 0xf3, 0x52, 0x0f, 0x0e, 0x8a, 0x04, 0x99, 0x96,
    0x6e, 0x34, 0x23, 0xb1, 0xd5, 0x27, 0x01, 0x0a, 0x4f, 0x9d, 0xbf, 0xa5, 0xb0, 0x21, 0xaa, 0x2d,
    0x91, 0x52, 0x84, 0x3c, 0x49, 0x14, 0x37, 0x46, 0xc1, 0x99, 0xbe, 0x86, 0xcb, 0x28, 0xe4, 0xf4,
    0x29, 0x9e, 0xf7, 0xe0, 0xfe, 0xc7, 0xce, 0x2e, 0xe3, 0xe9, 0x03, 0x7c, 0x8f, 0x8d, 0xcc, 0x9c,
    0x79, 0xe0, 0x98, 0xeb, 0x8e, 0x99, 0xc9, 0xcf, 0x14, 0x3c, 0xc4, 0x77, 0x90, 0x08, 0xa8, 0xc8,
    0x97, 0xb0, 0x65, 0x89, 0x11, 0x52, 0x4a, 0x5b, 0xf2, 0x24, 0x78, 0x22, 0x0d, 0x17, 0xb4, 0x61,
    0x1a, 0x2f, 0xa3, 0x5c, 0x4c, 0xd4, 0xf9, 0xef, 0x95, 0x8a, 0x14, 0x48, 0xf7, 0x1e, 0xbc, 0x1a,
    0xe8, 0x7c, 0x78, 0xf2, 0x91, 0x63, 0x9e, 0x99, 0xe1, 0x8b, 0x5a, 0x50, 0x87, 0xfb, 0x64, 0x40,
    0x45, 0xf3, 0x12, 0xa1, 0xc4, 0x88, 0xa8, 0x91, 0x66, 0xb4, 0x61, 0xee, 0x09, 0x9c, 0x28, 0x5e,
    0x9c, 0xbd, 0x03, 0xcb, 0xa8, 0xb0, 0xf9, 0x5b, 0x03, 0x64, 0x43, 0x35, 0x9f, 0xd8, 0x5f, 0x28,
    0x52, 0x67, 0x81, 0x3c, 0x3d, 0x7c, 0xde, 0xd3, 0x50, 0x7e, 0xc8, 0x9c, 0x77, 0x58, 0x40, 0x01,
    0xc7, 0x3c, 0xcc, 0x4f, 0xf8, 0x0e, 0xf5, 0x49, 0x81, 0xc2, 0xcd, 0x28, 0x6a, 0xa7, 0xaf, 0xad,
    0xbc, 0x4f, 0x19, 0xc1, 0xde, 0x93, 0x21, 0x78, 0xa2, 0xf3, 0xce, 0x61, 0x19, 0xe5, 0x36, 0x4f,
    0x14, 0x18, 0x99, 0x08, 0x3c, 0x20, 0x52, 0xff, 0x95, 0xa3, 0x52, 0x67, 0x1f, 0x03, 0xf2, 0xf4,
    0x42, 0x94, 0x91, 0xb1, 0xdf, 0x65, 0x32, 0xd4, 0x51, 0x01, 0xe5, 0x67, 0x1f, 0x46, 0xd9, 0x8c,
    0x44, 0x05, 0xa0, 0xd8, 0x25, 0x7d, 0x90, 0x28, 0xa3, 0xd9, 0xbc, 0xcf, 0x10, 0xd9, 0x1e, 0xa3,
    0x32, 0x0a, 0x76, 0xa3, 0x1a, 0x3e, 0x04, 0x09, 0xb5, 0x6a, 0x65, 0x45, 0x35, 0x5f, 0x78, 0x70,
    0x3f, 0x90, 0xa9, 0x3b, 0x13, 0x3a, 0x75, 0xf6, 0xeb, 0x40, 0x9c, 0xf6, 0x3f, 0xf8, 0xc4, 0x79,
    0x6f, 0x64, 0x20, 0xec, 0xd8, 0xff, 0x74, 0xa8, 0xc9, 0x39, 0x05, 0x54, 0x85, 0x84, 0x6f, 0x19,
    0x50, 0x51, 0xd2, 0x57, 0xe1, 0x04, 0xf1, 0x2a, 0x44, 0xc1, 0xe3, 0x57, 0xc0, 0x74, 0x9f, 0xd2,
    0x60, 0xf1, 0x24, 0xcc, 0x3d, 0xea, 0x98, 0xa0, 0x6e, 0x54, 0xd3, 0x43, 0x7d, 0x43, 0x94, 0x16,
    0xc9, 0xc0, 0x18, 0xb8, 0xfa, 0xf0, 0x7e, 0x14, 0x77, 0xa2, 0x78, 0x0c, 0xfd, 0xf5, 0xc3, 0x2f,
    0x9c, 0xf7, 0x5c, 0xb4, 0xe8, 0x78, 0x94, 0x77, 0x6e, 0x7e, 0x07, 0x2a, 0x6a, 0xe9, 0x1e, 0xea,
    0xd3, 0x00, 0x15, 0x27, 0x7d, 0x0c, 0x56, 0x78, 0x84, 0x94, 0xd6, 0x04, 0x52, 0x46, 0x8c, 0x93,
    0xe0, 0x89, 0x45, 0x37, 0x0a, 0x1e, 0x82, 0xa4, 0x37, 0xbd, 0x37, 0x6a, 0x8a, 0x3f, 0x85, 0x75,
    0x35, 0x38, 0x7f, 0xf5, 0x89, 0xef, 0xed, 0x9f, 0xc5, 0x83, 0xff, 0xe7, 0x85, 0xf3, 0xa6, 0xf3,
    0x21, 0x7a, 0xb5, 0x5c, 0x52, 0x51, 0x6c, 0x48, 0x0c, 0x32, 0x73, 0xac, 0xb8, 0xa5, 0x5b, 0x38,
    0x73, 0x54, 0x0d, 0xa8, 0x28, 0xe9, 0xb3, 0xd8, 0x21, 0xd0, 0x00, 0x52, 0x0a, 0xc6, 0x49, 0x64,
    0x7b, 0xcc, 0x0e, 0x41, 0x72, 0xc2, 0x16, 0x36, 0xc4, 0x0f, 0xf1, 0x92, 0x36, 0xe4, 0xd0, 0x02,
    0xe7, 0x09, 0x9f, 0xbf, 0xfa, 0x02, 0x88, 0xab, 0x01, 0xbc, 0xee, 0xc8, 0xc5, 0x99, 0x07, 0x9f,
    0xca, 0xce, 0xc7, 0x86, 0xc4, 0x54, 0xca, 0x6f, 0xe9, 0x1e, 0xee, 0xd3, 0x01, 0x15, 0xb5, 0x77,
    0x6d, 0x96, 0xeb, 0x1d, 0x1e, 0x33, 0xc6, 0xcf, 0x9e, 0x98, 0xe3, 0x24, 0x78, 0x62, 0x67, 0x4c,
    0xe8, 0x6d, 0x9c, 0x82, 0x34, 0xc4, 0x4d, 0x5b, 0xd9, 0x00, 0x76, 0xad, 0x6b, 0x5b, 0xf0, 0x22,
    0x58, 0x3f, 0x54, 0x64, 0x9c, 0xc7, 0x6b, 0x2e, 0xa7, 0x5c, 0x13, 0x19, 0x12, 0xc3, 0xcc, 0xe2,
    0xf1, 0x97, 0xb5, 0x74, 0x2b, 0x02, 0x75, 0x37, 0x9e, 0xe9, 0x0b, 0x65, 0xf6, 0x48, 0x29, 0x9c,
    0x9c, 0x3d, 0x81, 0x13, 0x07, 0x63, 0x02, 0x3c, 0xd4, 0x69, 0xaf, 0x79, 0xa4, 0x26, 0xca, 0xbc,
    0x04, 0x37, 0x8c, 0xd9, 0x5b, 0x55, 0xc2, 0x21, 0x2f, 0x86, 0xe1, 0x48, 0xac, 0x99, 0xf5, 0xe1,
    0xb0, 0x63, 0x7e, 0xf4, 0x6e, 0x6a, 0xa0, 0xa2, 0x99, 0x3e, 0x95, 0xad, 0xa2, 0x28, 0x5c, 0x32,
    0x3f, 0x24, 0x4e, 0xb8, 0x76, 0xa2, 0xf2, 0x4f, 0x44, 0x2c, 0x84, 0xbe, 0x01, 0xad, 0xbe, 0x16,
    0x0e, 0x93, 0x85, 0x4b, 0x7c, 0xba, 0xfb, 0x72, 0x5a, 0x30, 0x75, 0x97, 0x5f, 0x3d, 0x87, 0x0d,
    0xbe, 0x6d, 0xa5, 0xa0, 0x80, 0xba, 0xad, 0x4f, 0x0f, 0x54, 0xb4, 0xd7, 0xd0, 0x62, 0xbd, 0xf8,
    0x59, 0xcb, 0x14, 0x34, 0x10, 0x91, 0x38, 0x19, 0x0c, 0xfc, 0x13, 0x11, 0x19, 0xab, 0x0f, 0xce,
    0x20, 0xb5, 0x42, 0x14, 0x2a, 0x6c, 0xdc, 0x49, 0x08, 0xc3, 0x75, 0xf9, 0x7a, 0x23, 0xb0, 0x56,
    0xcc, 0x33, 0xf8, 0xa2, 0x02, 0xea, 0x58, 0x9f, 0x05, 0x50, 0x91, 0x77, 0x6e, 0x33, 0xb7, 0xe2,
    0xb0, 0x4c, 0x31, 0x61, 0xca, 0x80, 0xdf, 0x27, 0xce, 0xf5, 0x1a, 0x88, 0xb5, 0x23, 0xca, 0x0f,
    0xe0, 0x0c, 0x92, 0xe6, 0xf7, 0xf6, 0x74, 0x4c, 0x90, 0x61, 0xee, 0xec, 0x4a, 0xf9, 0x1d, 0xa8,
    0x43, 0x7d, 0x36, 0x40, 0xe1, 0x29, 0x59, 0xd5, 0xe7, 0x50, 0xf1, 0xc4, 0x4c, 0x51, 0x41, 0xa5,
    0xcc, 0x68, 0x6a, 0x78, 0xb4, 0x69, 0xad, 0x66, 0x90, 0xd6, 0x80, 0x28, 0xc8, 0x53, 0x9e, 0x61,
    0x1e, 0x75, 0xa0, 0x8e, 0x1e, 0x64, 0x04, 0x54, 0x5c, 0x46, 0x85, 0x3c, 0x16, 0xa5, 0x12, 0xe5,
    0x7e, 0xe8, 0xc2, 0x26, 0x22, 0x7f, 0x03, 0xfc, 0xa7, 0x6d, 0xd0, 0xb4, 0x66, 0x58, 0xfd, 0x93,
    0xb5, 0xe3, 0xb9, 0x7b, 0x9b, 0x28, 0xf0, 0xc7, 0x03, 0x0d, 0xa8, 0xac, 0x61, 0x1e, 0x9d, 0x22,
    0xa1, 0x3e, 0xd9, 0x67, 0x05, 0x54, 0xd4, 0x8d, 0x52, 0x39, 0x59, 0xdd, 0x11, 0x53, 0x9a, 0x8e,
    0xf7, 0xd5, 0x56, 0x4f, 0x19, 0x35, 0x0c, 0x53, 0x9b, 0x34, 0xad, 0x0f, 0x57, 0xff, 0x64, 0x99,
    0x7b, 0x9b, 0x28, 0xc8, 0x93, 0x0d, 0xfe, 0x8c, 0x59, 0x93, 0xf3, 0xad, 0x4a, 0x1d, 0xa8, 0x3a,
    0x40, 0x45, 0xdd, 0x28, 0x8b, 0x5b, 0xf3, 0xc8, 0x88, 0xa1, 0x1a, 0x41, 0xa9, 0x5a, 0xc6, 0x07,
    0x9e, 0x0a, 0x9c, 0xc1, 0xa4, 0x74, 0xef, 0x14, 0xf5, 0xc5, 0xa1, 0x2b, 0x6a, 0xf0, 0x3a, 0x80,
    0xb1, 0x32, 0xc6, 0x44, 0x0d, 0xd7, 0x8c, 0x27, 0xbc, 0x07, 0x6a, 0x79, 0x07, 0xaa, 0x16, 0x50,
    0x07, 0x23, 0x63, 0x82, 0x67, 0xcd, 0xaf, 0xc4, 0x50, 0x41, 0xac, 0xe2, 0x3c, 0x4e, 0x31, 0x0c,
    0x8c, 0x0b, 0xf8, 0xff, 0x99, 0x90, 0x61, 0x94, 0xd0, 0xbf, 0x56, 0xba, 0x7a, 0xc9, 0x07, 0x3b,
    0x35, 0xeb, 0x8c, 0x74, 0x2a, 0xdb, 0x7b, 0x58, 0xa3, 0x22, 0x9e, 0x7c, 0x39, 0x5b, 0x3d, 0x62,
    0x43, 0xe2, 0x20, 0x53, 0xa0, 0x66, 0xc6, 0x04, 0xe7, 0xf5, 0x6b, 0x28, 0x09, 0xac, 0x20, 0x59,
    0x23, 0xc0, 0x56, 0x14, 0xa3, 0xd1, 0x28, 0xfe, 0xc7, 0xd1, 0x2d, 0x86, 0x2b, 0x09, 0x53, 0xad,
    0x65, 0xde, 0x2d, 0xbe, 0xc1, 0xf4, 0xf7, 0x5e, 0x25, 0x6a, 0x82, 0x78, 0x0a, 0x72, 0x4e, 0x1f,
    0xf7, 0x2b, 0x76, 0x74, 0x6b, 0x02, 0x15, 0x1b, 0x13, 0x7e, 0x03, 0x8b, 0xd8, 0x30, 0xe6, 0x37,
    0x7f, 0x6a, 0x89, 0x48, 0x5c, 0x08, 0xba, 0xca, 0x28, 0x55, 0x5c, 0xca, 0x5d, 0xfc, 0x3d, 0xb5,
    0xbd, 0x4a, 0x54, 0xc4, 0x53, 0x76, 0xe0, 0x28, 0x32, 0xf8, 0xaa, 0x19, 0x12, 0xb5, 0x80, 0x8a,
    0x8d, 0x89, 0xd0, 0xc8, 0x0d, 0xee, 0x64, 0x25, 0xd3, 0x3f, 0x11, 0x6d, 0xc5, 0x1e, 0xd5, 0xa8,
    0xb0, 0x28, 0xdf, 0x8b, 0x26, 0x8e, 0x2a, 0x1a, 0x12, 0xf5, 0x80, 0x8a, 0x26, 0x26, 0x8a, 0x88,
    0x5a, 0x1a, 0x62, 0x35, 0xee, 0x09, 0xa2, 0xa2, 0x3a, 0xca, 0xdd, 0x43, 0x38, 0x0d, 0x43, 0xd8,
    0x7f, 0xca, 0xe5, 0x29, 0x32, 0xcc, 0x8f, 0xf5, 0x79, 0x00, 0x15, 0x59, 0x7d, 0x70, 0xf0, 0x38,
    0x37, 0x0c, 0xea, 0x10, 0xeb, 0x75, 0x05, 0x88, 0x1a, 0x9f, 0x83, 0x1d, 0xde, 0x36, 0x26, 0x65,
    0x7b, 0xfc, 0xe6, 0x61, 0x41, 0x3f, 0xd7, 0x73, 0xb3, 0x3c, 0x45, 0x13, 0x7c, 0x5b, 0x7d, 0x3e,
    0x40, 0x45, 0x56, 0x9f, 0x35, 0x52, 0x48, 0x43, 0x20, 0xb7, 0x07, 0x88, 0xb2, 0xd0, 0xcc, 0x44,
    0xe3, 0x77, 0x47, 0xf1, 0xdb, 0x1b, 0x0c, 0xe6, 0xf7, 0x7e, 0x9e, 0xcf, 0x13, 0x36, 0xcc, 0x0f,
    0x5d, 0xe7, 0x04, 0x54, 0x6c, 0xf5, 0x59, 0x9a, 0xc2, 0x2d, 0x04, 0x72, 0xdd, 0x27, 0xca, 0x0e,
    0xe0, 0xa4, 0x6c, 0xf3, 0x7b, 0x78, 0x7b, 0xbc, 0xf6, 0x13, 0x86, 0xea, 0xe6, 0x60, 0x52, 0xcc,
    0xd3, 0xc1, 0x3e, 0x2f, 0xa0, 0x9a, 0x20, 0x4a, 0x20, 0xb7, 0x02, 0x44, 0x79, 0x26, 0x5c, 0x02,
    0x7b, 0x81, 0x28, 0x17, 0xf2, 0xe4, 0x6c, 0x3a, 0x61, 0x21, 0x4f, 0x95, 0x0d, 0x73, 0x12, 0xa0,
    0xe2, 0x33, 0x26, 0x5a, 0x25, 0x4a, 0x20, 0xd7, 0x76, 0xbc, 0xec, 0x7b, 0x68, 0x0f, 0xef, 0xea,
    0x9b, 0x7d, 0xd0, 0x2e, 0x77, 0x3d, 0x53, 0xd5, 0xb3, 0x6d, 0x82, 0x68, 0x40, 0xe2, 0xe8, 0xc1,
    0x3e, 0x4f, 0xa0, 0xe2, 0x76, 0x54, 0xb7, 0x89, 0x12, 0xcc, 0xf1, 0x8e, 0xe9, 0x60, 0x13, 0x9e,
    0x33, 0xb1, 0xe2, 0x66, 0x1f, 0xb4, 0x23, 0x14, 0x3f, 0x30, 0xf3, 0x86, 0x54, 0x23, 0x9e, 0xaa,
    0x37, 0xa0, 0x08, 0x81, 0xda, 0x2b, 0x44, 0x09, 0xe4, 0xe8, 0x02, 0x9c, 0xef, 0x05, 0xed, 0xf3,
    0x95, 0x4e, 0xfb, 0x60, 0xf9, 0xa4, 0x81, 0x76, 0x6e, 0xde, 0xde, 0xd9, 0x98, 0xa7, 0xdb, 0xfa,
    0xbc, 0x81, 0x9a, 0x11, 0xa5, 0x2b, 0x6b, 0x1e, 0xeb, 0x8d, 0xdc, 0xae, 0x7a, 0x2e, 0x58, 0x6d,
    0x6b, 0x02, 0x96, 0x4f, 0x60, 0x7b, 0xae, 0xd7, 0xcb, 0xe1, 0x49, 0x23, 0xe5, 0x89, 0x00, 0x28,
    0x41, 0x94, 0x40, 0x0e, 0xaf, 0xb9, 0xc0, 0x84, 0x6b, 0x60, 0x45, 0xd3, 0x3e, 0xd8, 0xcd, 0x55,
    0x5c, 0x67, 0x73, 0xe0, 0xca, 0x2c, 0x79, 0x22, 0x01, 0x4a, 0x10, 0x25, 0x98, 0x43, 0x59, 0x11,
    0xb0, 0x26, 0x60, 0x21, 0xb5, 0x92, 0x22, 0x05, 0xd3, 0x3d, 0x54, 0x3e, 0xe9, 0x6c, 0x79, 0x22,
    0x02, 0x4a, 0x10, 0x25, 0x90, 0x43, 0xa3, 0x96, 0x13, 0x50, 0x48, 0xc1, 0x1e, 0xef, 0x25, 0x7f,
    0x25, 0xd3, 0x3d, 0x0b, 0x94, 0x4f, 0x79, 0x3b, 0xfc, 0xa2, 0x79, 0x23, 0x22, 0x9e, 0xc8, 0x80,
    0x8a, 0x89, 0x52, 0x43, 0xb1, 0xde, 0xd7, 0x1a, 0x39, 0x6d, 0x8c, 0xd3, 0xbe, 0x15, 0x1b, 0x9b,
    0x40, 0xee, 0x1e, 0x48, 0xf7, 0xbc, 0x61, 0xde, 0xfe, 0xbe, 0x90, 0x86, 0x27, 0x42, 0xa0, 0x66,
    0x44, 0xb9, 0x62, 0x39, 0xaf, 0x35, 0x72, 0x9a, 0x0d, 0xd2, 0xbe, 0x55, 0x73, 0xfb, 0x5c, 0xe4,
    0xee, 0x05, 0xa6, 0x33, 0xc9, 0xfb, 0x23, 0xb9, 0x54, 0x3c, 0x91, 0x02, 0x15, 0xcf, 0x4c, 0xa8,
    0xbe, 0x58, 0xad, 0x6b, 0x8d, 0x9c, 0x02, 0xd2, 0xbe, 0xc0, 0x86, 0x2b, 0x74, 0xba, 0x4a, 0xf2,
    0x14, 0xaa, 0x05, 0xe9, 0x5e, 0xcc, 0x53, 0xdd, 0x7e, 0x2e, 0x35, 0x50, 0xf1, 0x11, 0xcd, 0xaa,
    0xad, 0x89, 0xd5, 0xb8, 0xd6, 0xcc, 0xed, 0x8e, 0x83, 0x4d, 0x75, 0x75, 0xbc, 0x09, 0x17, 0xb9,
    0x11, 0xde, 0xe6, 0xc0, 0x57, 0x72, 0xa7, 0xaa, 0x54, 0x92, 0x79, 0x23, 0x16, 0x40, 0xc5, 0xb3,
    0xe7, 0x34, 0xc3, 0xe7, 0x22, 0xf6, 0x44, 0xb8, 0x83, 0x4d, 0x0f, 0x35, 0x49, 0xc3, 0xce, 0x23,
    0xe5, 0x23, 0x79, 0x02, 0x6e, 0x44, 0xae, 0xbb, 0x37, 0xe3, 0xe9, 0xd0, 0xc1, 0x7e, 0xf3, 0x40,
    0xcd, 0x89, 0x12, 0x66, 0xdf, 0x9a, 0x07, 0xb8, 0xc3, 0x29, 0x12, 0x29, 0x7f, 0x35, 0xe4, 0xc9,
    0xb3, 0x35, 0xb9, 0xc4, 0x2e, 0x3f, 0x74, 0x77, 0xbf, 0x0d, 0xa0, 0xfa, 0xd7, 0xb7, 0x62, 0x6b,
    0x22, 0xef, 0xd8, 0x07, 0x11, 0xeb, 0x13, 0xda, 0x70, 0x60, 0x7a, 0x28, 0xf9, 0xef, 0xb2, 0x48,
    0xf9, 0x97, 0xe0, 0x2f, 0xf8, 0x73, 0x20, 0x4f, 0x61, 0xee, 0xe9, 0x5d, 0xb1, 0xbd, 0xb7, 0x75,
    0xbd, 0xdf, 0x0e, 0x50, 0xb3, 0x5d, 0xf1, 0xaa, 0xaf, 0x55, 0x0e, 0xb1, 0xfa, 0xf6, 0xa6, 0x48,
    0x81, 0x4a, 0x0a, 0xd9, 0x7d, 0xda, 0x74, 0xd8, 0x61, 0x33, 0x02, 0xba, 0x92, 0xde, 0x50, 0xcb,
    0xef, 0x53, 0xab, 0xb5, 0xf7, 0xbb, 0x33, 0x07, 0x6a, 0x66, 0x9f, 0x5b, 0xba, 0xc6, 0x2c, 0xc4,
    0xea, 0x5c, 0xcd, 0x4a, 0x0a, 0xd8, 0x7d, 0x16, 0xcc, 0xfb, 0x3a, 0x39, 0x8b, 0x84, 0x26, 0x8d,
    0x60, 0xef, 0x29, 0x18, 0xeb, 0xb9, 0xf6, 0x8a, 0x66, 0xd3, 0xd9, 0xe5, 0x8c, 0x80, 0xea, 0xdf,
    0x16, 0x99, 0x7d, 0x56, 0xa8, 0x35, 0x18, 0x62, 0xf9, 0x76, 0x51, 0xa4, 0x2c, 0x54, 0x9c, 0x74,
    0xb1, 0x94, 0x1a, 0xa2, 0xe2, 0x29, 0x04, 0xd3, 0x87, 0x8e, 0x9f, 0x6f, 0x59, 0xea, 0x51, 0xf9,
    0x74, 0x94, 0x92, 0x27, 0x6a, 0xa0, 0x66, 0xd6, 0x44, 0x9d, 0xb4, 0x4f, 0x20, 0xb7, 0x37, 0x63,
    0x02, 0xcc, 0x09, 0xbc, 0x62, 0xbb, 0x85, 0x14, 0xc2, 0x49, 0x87, 0xd9, 0x9e, 0x7d, 0xa9, 0x40,
    0x5e, 0x55, 0x6a, 0x7b, 0x8f, 0x15, 0x50, 0xfd, 0xdf, 0xc4, 0xd6, 0x84, 0xad, 0x6b, 0xab, 0x14,
    0x62, 0xfd, 0x73, 0x30, 0x27, 0x7c, 0xc7, 0x34, 0xf1, 0xf8, 0x4c, 0x77, 0x90, 0x42, 0x38, 0x81,
    0xdf, 0x6c, 0x33, 0x28, 0x1a, 0x95, 0x9b, 0xa5, 0x7b, 0x5b, 0xbf, 0xe9, 0xb7, 0x0f, 0xd4, 0xec,
    0x08, 0xcc, 0x86, 0xd3, 0x3e, 0x81, 0x1c, 0xe9, 0xaa, 0xe7, 0xf9, 0xe7, 0xd7, 0xed, 0x8d, 0xa8,
    0x94, 0xea, 0x88, 0xe1, 0xe7, 0x5e, 0x8a, 0x71, 0x72, 0x5c, 0xad, 0x28, 0x57, 0x55, 0xeb, 0x1e,
    0x67, 0xc9, 0x17, 0xa8, 0x59, 0x21, 0xd5, 0xb1, 0xb4, 0x8f, 0x6d, 0xcc, 0x0f, 0x59, 0x5f, 0x88,
    0xb0, 0x28, 0xdc, 0xa2, 0xf0, 0x8b, 0xc2, 0x2e, 0x0a, 0xab, 0x76, 0xa8, 0x1c, 0x22, 0xf1, 0xed,
    0x6d, 0xdb, 0x77, 0xf5, 0xc2, 0x52, 0x2a, 0x42, 0xaa, 0x75, 0x95, 0x1a, 0x4e, 0x91, 0x3a, 0xb9,
    0xaa, 0x69, 0x3a, 0xc3, 0xa2, 0x0f, 0x88, 0xd8, 0xdd, 0xa3, 0x2e, 0x9f, 0xd8, 0x01, 0xd5, 0xbf,
    0x7b, 0x6b, 0xef, 0x88, 0x94, 0x6b, 0x73, 0x5d, 0x94, 0x7b, 0x29, 0x2c, 0x3f, 0x8f, 0x29, 0x2d,
    0x1c, 0xcf, 0x91, 0x6a, 0xd3, 0xf1, 0x1b, 0x4e, 0x66, 0x38, 0x0d, 0x6c, 0x5d, 0x59, 0x22, 0x4f,
    0x5b, 0x77, 0xf7, 0xbb, 0x03, 0xd4, 0x3c, 0xed, 0x5b, 0x71, 0x91, 0xd2, 0x7d, 0x81, 0x49, 0xad,
    0xb0, 0xf3, 0xca, 0x12, 0x6d, 0xa2, 0xce, 0x90, 0xd2, 0xdc, 0x61, 0x5b, 0x46, 0x39, 0xae, 0x9d,
    0x4a, 0x71, 0x9a, 0xb9, 0x11, 0x4c, 0xd2, 0x3d, 0x96, 0x40, 0xcd, 0xd3, 0xbe, 0x55, 0x16, 0x29,
    0xf7, 0x2d, 0x81, 0x48, 0x6d, 0xa4, 0xf4, 0x62, 0xa4, 0x5c, 0xac, 0x58, 0x7e, 0x0b, 0x3e, 0xb9,
    0x8e, 0x73, 0x4e, 0xa7, 0x14, 0x27, 0xdd, 0x66, 0x9a, 0xee, 0x31, 0x05, 0x6a, 0x9e, 0xf6, 0xad,
    0xac, 0x48, 0x85, 0x22, 0xc7, 0x23, 0x0a, 0x5f, 0xcb, 0x45, 0x6a, 0xdb, 0x03, 0x8e, 0x1f, 0xfe,
    0x77, 0x7a, 0xb3, 0x32, 0xe5, 0x23, 0x71, 0x52, 0x42, 0xdb, 0xd9, 0xdc, 0x71, 0x8a, 0x71, 0x9a,
    0xcb, 0xd3, 0xd6, 0xc1, 0x7e, 0xf7, 0x80, 0x4a, 0xa4, 0x7d, 0xab, 0x29, 0x52, 0x55, 0xb3, 0xbd,
    0xa3, 0x0b, 0x71, 0xa8, 0x2c, 0xb6, 0x4a, 0xe2, 0x58, 0x59, 0x1c, 0xae, 0x16, 0xb7, 0xd5, 0x8e,
    0x83, 0xe4, 0x31, 0xff, 0x26, 0xe0, 0x27, 0x6f, 0x1d, 0x9d, 0xd7, 0x52, 0xb9, 0x76, 0x34, 0xf8,
    0x80, 0xda, 0x00, 0x66, 0x00, 0x4e, 0x0a, 0x9b, 0x93, 0xa9, 0x48, 0x9c, 0x34, 0x17, 0x9a, 0x23,
    0xce, 0x50, 0x2f, 0x69, 0x44, 0x33, 0x97, 0x27, 0xc6, 0x40, 0xf5, 0x0f, 0x6e, 0xa9, 0xab, 0xd9,
    0x93, 0x82, 0xd5, 0xd3, 0x4c, 0x9e, 0xb6, 0xe6, 0xeb, 0x14, 0xae, 0xa2, 0xbe, 0x88, 0x82, 0x78,
    0xf2, 0x58, 0x79, 0xde, 0xa7, 0x68, 0xba, 0xed, 0x04, 0x9b, 0x9e, 0x85, 0xfd, 0x6a, 0xad, 0x01,
    0x87, 0x62, 0x38, 0xc5, 0xbf, 0x08, 0xa8, 0x85, 0xcd, 0x4d, 0x4f, 0x75, 0xb5, 0x92, 0x96, 0x19,
    0x07, 0x79, 0x62, 0x0d, 0x54, 0x42, 0xa4, 0xde, 0x72, 0x47, 0xab, 0x69, 0x46, 0x1c, 0x12, 0x04,
    0xd5, 0x48, 0xf3, 0x8f, 0x95, 0xe7, 0x7d, 0x0a, 0x7c, 0xb0, 0xde, 0x4c, 0xa6, 0x38, 0xeb, 0x14,
    0xd0, 0x26, 0x6d, 0x26, 0x4e, 0xe6, 0x60, 0x3c, 0x29, 0xe9, 0xa4, 0xb9, 0x16, 0x6b, 0x37, 0x82,
    0x0f, 0x50, 0x09, 0x91, 0x5a, 0xa5, 0xbc, 0xcf, 0xe5, 0xa2, 0xfe, 0x6b, 0x81, 0xd4, 0xfc, 0x7d,
    0xbb, 0xf9, 0xcd, 0x60, 0x90, 0xf9, 0x0d, 0x02, 0x30, 0xa5, 0x10, 0x59, 0xec, 0x5a, 0xc8, 0xa7,
    0x9e, 0x8a, 0x69, 0x82, 0x95, 0x13, 0x14, 0xa7, 0xa1, 0x5e, 0x82, 0xd3, 0xbc, 0x5a, 0xde, 0x62,
    0xfd, 0xf9, 0x29, 0x31, 0x7f, 0xc4, 0x33, 0xbb, 0x0f, 0x58, 0xaa, 0xa3, 0x28, 0x56, 0xc5, 0x8c,
    0x60, 0xd4, 0x8b, 0x58, 0xab, 0x48, 0xbc, 0xef, 0xa2, 0x3c, 0x5f, 0x77, 0x81, 0x4c, 0x81, 0xd4,
    0x2f, 0x6e, 0x5b, 0xe9, 0x8c, 0x85, 0x6a, 0xe8, 0x86, 0x11, 0x3d, 0xa1, 0x0d, 0xc6, 0x09, 0x83,
    0x81, 0x15, 0x6a, 0xa5, 0xd3, 0x1c, 0x2a, 0xbf, 0xcf, 0x4f, 0x89, 0x6f, 0x1e, 0xa0, 0x8f, 0x2a,
    0x46, 0x8b, 0xd9, 0x1e, 0xcf, 0xc7, 0xbb, 0x16, 0x71, 0x58, 0x5d, 0x5e, 0x3a, 0x83, 0x95, 0x0e,
    0x99, 0x52, 0xfd, 0x30, 0xce, 0x05, 0xa7, 0x3e, 0x2b, 0x98, 0x22, 0x2d, 0xd2, 0x10, 0x4d, 0x3b,
    0x1b, 0xdb, 0x7e, 0x99, 0x38, 0x25, 0x8a, 0x27, 0xf5, 0x18, 0x87, 0xcf, 0x4f, 0x89, 0xcb, 0x87,
    0xd6, 0xa1, 0x59, 0x29, 0xe5, 0xe7, 0x0d, 0xeb, 0x8c, 0x88, 0x82, 0x0f, 0x4e, 0xef, 0xab, 0xdc,
    0xd4, 0x7f, 0x0d, 0xf3, 0x3e, 0xf0, 0x11, 0x5a, 0xf8, 0xa4, 0x41, 0x2e, 0x06, 0x98, 0x0a, 0x40,
    0xe2, 0xa2, 0xc5, 0x50, 0x51, 0xa6, 0x7f, 0x73, 0x65, 0x02, 0xc6, 0xbc, 0x05, 0x32, 0xbd, 0x1d,
    0x4f, 0x2d, 0xa7, 0x49, 0x99, 0x67, 0xf7, 0xea, 0xa1, 0x27, 0x79, 0x3c, 0x0b, 0x89, 0xd3, 0x87,
    0xd6, 0xd1, 0x79, 0x6a, 0xad, 0x13, 0x44, 0x43, 0xc8, 0x25, 0x06, 0x23, 0x84, 0x3c, 0xb1, 0xc9,
    0xfb, 0xca, 0xba, 0x90, 0x3a, 0xd6, 0x29, 0xd3, 0xb1, 0xfc, 0x19, 0x09, 0x90, 0x2a, 0x9f, 0x00,
    0xa5, 0x69, 0xa8, 0xcf, 0x61, 0x42, 0xdf, 0x36, 0x18, 0x6c, 0x27, 0x70, 0x5e, 0x86, 0xd3, 0xd1,
    0xc3, 0x7c, 0x9e, 0x84, 0xc4, 0xdf, 0xff, 0x21, 0x43, 0xaa, 0x01, 0xe4, 0x74, 0x9f, 0xfb, 0xe3,
    0x5d, 0xa3, 0xbc, 0x2f, 0xf1, 0x11, 0x3a, 0x2a, 0x63, 0xca, 0xdf, 0x1e, 0x04, 0x60, 0xf5, 0x27,
    0xa1, 0x52, 0xe0, 0x3f, 0x9f, 0xba, 0x7e, 0x05, 0xb9, 0x1a, 0xfa, 0xee, 0x24, 0x4c, 0x88, 0x50,
    0x04, 0x93, 0xe9, 0x39, 0x60, 0x99, 0x55, 0xf6, 0x9e, 0xf8, 0x64, 0x7b, 0x5c, 0x81, 0x4a, 0xe5,
    0x01, 0x7c, 0x90, 0xa2, 0x44, 0x4e, 0xf7, 0xe7, 0x73, 0x46, 0xc7, 0x7e, 0x47, 0x10, 0x41, 0x1b,
    0xbf, 0x93, 0xf8, 0x08, 0xf5, 0x4b, 0x93, 0x05, 0x7d, 0x6a, 0xab, 0x1b, 0x10, 0x2a, 0x4f, 0xb5,
    0xdd, 0x94, 0x7d, 0xa0, 0x5d, 0x82, 0xc3, 0xfb, 0x53, 0x34, 0x8f, 0x3f, 0x1c, 0x22, 0xbe, 0xc0,
    0xff, 0x81, 0xbf, 0x71, 0x81, 0x22, 0x85, 0xba, 0x9e, 0x12, 0x1e, 0xc0, 0xa6, 0x15, 0xc1, 0xb4,
    0xed, 0x87, 0xba, 0x56, 0x03, 0x27, 0x8e, 0xd9, 0xbd, 0xc4, 0xf1, 0x11, 0xcf, 0x4b, 0x29, 0x38,
    0x97, 0xdc, 0xad, 0x08, 0x13, 0x73, 0x11, 0x5b, 0x02, 0x27, 0xc6, 0x2d, 0x13, 0x58, 0x3b, 0x97,
    0xe7, 0xda, 0x50, 0x59, 0xa0, 0x52, 0x41, 0xaa, 0x2c, 0xdf, 0x0d, 0xeb, 0x6c, 0xbe, 0x82, 0x59,
    0xa2, 0x6d, 0xc1, 0x82, 0xcc, 0x0c, 0x3c, 0x67, 0x3c, 0x9c, 0x54, 0x98, 0x22, 0x18, 0xcd, 0xb3,
    0x11, 0xf5, 0x10, 0xcf, 0xec, 0x5e, 0xe2, 0xfa, 0x88, 0x13, 0x48, 0x81, 0x5a, 0xb4, 0x43, 0x38,
    0xd9, 0x6a, 0x33, 0x8f, 0x77, 0xdd, 0x4a, 0xa9, 0xd4, 0xfb, 0x5e, 0x5a, 0xc1, 0x4e, 0x86, 0x63,
    0x40, 0xd5, 0x39, 0x0c, 0x86, 0x05, 0x76, 0x58, 0x85, 0x61, 0x89, 0xa5, 0xa0, 0xa1, 0x72, 0xcb,
    0xb6, 0x54, 0xc7, 0x0b, 0x36, 0xd1, 0x7f, 0x02, 0x05, 0x4e, 0xaf, 0xbb, 0x89, 0x80, 0xf3, 0xfb,
    0x96, 0x38, 0x3f, 0xe2, 0xc3, 0xc9, 0x47, 0xec, 0x76, 0x03, 0x27, 0x57, 0xe0, 0xd4, 0x11, 0xa4,
    0xa0, 0x54, 0x85, 0xbe, 0xad, 0x3a, 0x1b, 0x1e, 0x54, 0x2b, 0x44, 0x89, 0xa3, 0xc2, 0xed, 0x8b,
    0x76, 0x7a, 0xdf, 0x25, 0xdc, 0x9b, 0xe6, 0x78, 0xe8, 0x8b, 0x4c, 0xf0, 0x45, 0x03, 0x75, 0xdc,
    0xab, 0xc8, 0x12, 0xb6, 0xec, 0xe7, 0xef, 0x9b, 0x77, 0xb1, 0x2c, 0x35, 0xfa, 0x88, 0xbb, 0x90,
    0xf9, 0x25, 0xb4, 0x5f, 0xe0, 0xc4, 0xfb, 0x7d, 0xbb, 0xd5, 0x16, 0xbd, 0x0e, 0x0d, 0x74, 0xb0,
    0xec, 0x9d, 0x81, 0x17, 0x04, 0x3b, 0xa6, 0x09, 0xe1, 0x4a, 0x05, 0xf8, 0x47, 0x41, 0xe0, 0x79,
    0x03, 0x47, 0x1d, 0xdb, 0xfe, 0x14, 0x55, 0x53, 0x55, 0x37, 0x5a, 0xbb, 0xcd, 0xbe, 0x6f, 0xa9,
    0xe1, 0x47, 0xac, 0xda, 0x1f, 0x76, 0x25, 0xd7, 0x13, 0x38, 0x35, 0xf2, 0xbe, 0x6b, 0x4c, 0xa0,
    0xe9, 0xd8, 0x92, 0xf0, 0x87, 0x40, 0x91, 0xc6, 0xb3, 0xef, 0xb0, 0x3d, 0x06, 0x92, 0x85, 0xdd,
    0x3d, 0xbd, 0xee, 0xcc, 0x75, 0xb2, 0x54, 0x6e, 0xe6, 0x7d, 0x4b, 0xcd, 0x3f, 0x62, 0xe0, 0x97,
    0xb6, 0x65, 0x44, 0x24, 0x37, 0x3c, 0x89, 0x3e, 0x2e, 0xbf, 0xf8, 0x5f, 0x5b, 0x6a, 0x7d, 0x99,
    0x62, 0xdf, 0xb4, 0x4f, 0x8a, 0x53, 0x53, 0x1f, 0x9f, 0x52, 0xbf, 0x71, 0x07, 0xa8, 0xa5, 0x6a,
    0x2a, 0x59, 0x39, 0x01, 0xa3, 0x5c, 0xe0, 0xc4, 0xf7, 0x7d, 0x1f, 0x4b, 0xbf, 0xef, 0xc6, 0x67,
    0xcb, 0x46, 0xe9, 0xf7, 0xdd, 0xd8, 0xc7, 0xa7, 0xd4, 0xe0, 0x23, 0x3e, 0x9a, 0x7e, 0xc6, 0x61,
    0x6b, 0x34, 0x1d, 0x3d, 0x26, 0x86, 0x60, 0xfb, 0xfc, 0xb7, 0x76, 0x2c, 0xbc, 0x6f, 0xbd, 0x49,
    0x6d, 0x5a, 0x78, 0xdf, 0xcd, 0x7d, 0x7c, 0x4a, 0xfd, 0xb6, 0x92, 0xeb, 0xe6, 0x98, 0x4a, 0x3f,
    0x5d, 0x51, 0x3a, 0xb5, 0xf7, 0xbe, 0xf5, 0x16, 0x68, 0x52, 0xb7, 0x1a, 0x7d, 0xdf, 0x52, 0xbf,
    0xe1, 0x76, 0xfa, 0xd1, 0xf4, 0x33, 0xe6, 0x5d, 0x4f, 0x41, 0x53, 0xb6, 0xad, 0x0f, 0x2b, 0x11,
    0x8b, 0x69, 0x09, 0x7f, 0xa6, 0x16, 0x69, 0x6a, 0xfc, 0x7d, 0x4b, 0xcd, 0x7f, 0x6c, 0x6d, 0x2d,
    0x1e, 0xee, 0xc6, 0x4b, 0xa8, 0x40, 0x1b, 0x70, 0xe1, 0xd8, 0x95, 0x2d, 0x21, 0x4e, 0x1d, 0x78,
    0xdf, 0x1f, 0xea, 0x7c, 0x36, 0x13, 0x2c, 0xb8, 0x4e, 0xed, 0xbc, 0x6f, 0xa9, 0x85, 0x47, 0x7c,
    0xf7, 0xe1, 0x43, 0x2a, 0x77, 0xa8, 0x32, 0x30, 0x81, 0x9e, 0x9e, 0x10, 0xa7, 0x76, 0x64, 0x2a,
    0xf3, 0xbe, 0x61, 0x62, 0xc2, 0x76, 0x33, 0x41, 0x26, 0x15, 0x81, 0xef, 0xbb, 0x8d, 0x91, 0x32,
    0xa9, 0x2b, 0xcf, 0x58, 0x05, 0xa3, 0x27, 0x61, 0xc8, 0x48, 0x99, 0xec, 0xcc, 0x81, 0x60, 0x87,
    0x44, 0xaa, 0xd7, 0x6e, 0xea, 0x97, 0x7d, 0xdf, 0xa5, 0x1f, 0xa2, 0x35, 0x38, 0xcb, 0xc9, 0x44,
    0x20, 0x4d, 0x2d, 0xf9, 0x4e, 0x52, 0x6b, 0xcf, 0x38, 0xab, 0x53, 0x98, 0x2a, 0x2a, 0xad, 0xc2,
    0xc3, 0x5e, 0x82, 0xa6, 0xd5, 0x60, 0x8a, 0xee, 0x75, 0x47, 0x2c, 0xd9, 0xd9, 0x55, 0xd4, 0x1a,
    0x4d, 0xad, 0x02, 0x85, 0x98, 0xda, 0x3a, 0xaa, 0xe6, 0x53, 0x55, 0xf7, 0x39, 0x87, 0x1f, 0xe6,
    0xa2, 0x04, 0xaa, 0xd2, 0xad, 0xc3, 0x62, 0x98, 0xbc, 0x23, 0xf1, 0x3b, 0xc5, 0xef, 0x3b, 0x64,
    0xf3, 0xd1, 0x89, 0xde, 0xf7, 0x6f, 0xda, 0xfc, 0x33, 0x4a, 0x2d, 0x3f, 0xe3, 0xeb, 0xb7, 0xe5,
    0x7c, 0x70, 0x45, 0x57, 0x3d, 0xd8, 0x70, 0x1f, 0x4c, 0x58, 0x12, 0x70, 0x52, 0x05, 0xee, 0x9d,
    0xb1, 0x8b, 0xce, 0xf5, 0x3f, 0x74, 0x4c, 0xb8, 0x10, 0x5d, 0xf3, 0x28, 0x0a, 0xdf, 0xb7, 0x5d,
    0xe9, 0x73, 0x14, 0x7d, 0x72, 0xda, 0xc5, 0xef, 0xfb, 0x7a, 0xcb, 0x7f, 0x3e, 0xa9, 0x03, 0xcf,
    0xf8, 0x60, 0xe1, 0x43, 0xc6, 0x7b, 0x6b, 0xd0, 0xed, 0x29, 0xe9, 0xf9, 0xe3, 0xf7, 0xf1, 0x1d,
    0x2f, 0xa5, 0x07, 0xbc, 0x6e, 0xdd, 0x26, 0xa4, 0xa9, 0x93, 0x51, 0x90, 0x98, 0x24, 0x3f, 0x4a,
    0xd3, 0x6f, 0x1b, 0xbf, 0xf0, 0x25, 0xf7, 0xa1, 0x00, 0x98, 0xba, 0x90, 0xd8, 0x4b, 0x1d, 0x79,
    0xc8, 0x00, 0xaa, 0xf2, 0xa7, 0x5c, 0x27, 0x8e, 0x82, 0x87, 0xfb, 0x1b, 0xb1, 0x70, 0x3b, 0x0d,
    0x15, 0xf8, 0x10, 0x65, 0xf7, 0xbe, 0xb7, 0xda, 0x57, 0xa6, 0xae, 0x01, 0xc5, 0x8a, 0xaa, 0xa3,
    0x87, 0xb6, 0x84, 0x3b, 0xbe, 0x3a, 0x7e, 0xfa, 0xd6, 0x21, 0x06, 0x2c, 0x75, 0x6a, 0x8e, 0x4c,
    0xea, 0xde, 0x53, 0xbe, 0x0d, 0x3c, 0xe6, 0xa3, 0x44, 0x28, 0x75, 0xec, 0xd9, 0x8a, 0xa8, 0xfa,
    0x29, 0x4a, 0xf8, 0xbe, 0x0f, 0xdf, 0xd6, 0xbd, 0xcf, 0x4e, 0xa9, 0xbb, 0xcf, 0xf9, 0x70, 0xb5,
    0x07, 0x7d, 0x14, 0x92, 0xd4, 0xc5, 0x47, 0x2b, 0xa2, 0xfe, 0xeb, 0x3e, 0x5a, 0xed, 0x83, 0xb3,
    0xc3, 0xaf, 0x5b, 0x5a, 0x81, 0x47, 0x0d, 0x2e, 0x4f, 0x39, 0x76, 0x0c, 0xde, 0xff, 0x92, 0xbc,
    0x24, 0x06, 0xdd, 0xf8, 0x72, 0x9b, 0xb8, 0x1c, 0x63, 0xcf, 0x91, 0x75, 0x10, 0xbd, 0xee, 0x63,
    0x0b, 0xaf, 0x7b, 0x0b, 0xbd, 0xee, 0x15, 0xb0, 0x99, 0xfe, 0x3f, 0x2d, 0x76, 0x7d, 0x18, 0x00,
    0x1d, 0xf1, 0x34, 0x00, 0x00, 0x00, 0x00, 0x49, 0x45, 0x4e, 0x44, 0xae, 0x42, 0x60, 0x82,
};
static const int CONTROLLER_PNG_LEN = (int)sizeof(CONTROLLER_PNG);
// clang-format on
